-- phpMyAdmin SQL Dump
-- version 4.5.1
-- http://www.phpmyadmin.net
--
-- Host: 127.0.0.1
-- Generation Time: May 19, 2018 at 08:39 AM
-- Server version: 10.1.10-MariaDB
-- PHP Version: 7.0.3

SET SQL_MODE = "NO_AUTO_VALUE_ON_ZERO";
SET time_zone = "+00:00";


/*!40101 SET @OLD_CHARACTER_SET_CLIENT=@@CHARACTER_SET_CLIENT */;
/*!40101 SET @OLD_CHARACTER_SET_RESULTS=@@CHARACTER_SET_RESULTS */;
/*!40101 SET @OLD_COLLATION_CONNECTION=@@COLLATION_CONNECTION */;
/*!40101 SET NAMES utf8mb4 */;

--
-- Database: `kelaspengganti`
--

-- --------------------------------------------------------

--
-- Table structure for table `admin`
--

CREATE TABLE `admin` (
  `id_admin` int(11) NOT NULL,
  `username_admin` varchar(35) NOT NULL,
  `password_admin` varchar(255) NOT NULL
) ENGINE=InnoDB DEFAULT CHARSET=latin1;

--
-- Dumping data for table `admin`
--

INSERT INTO `admin` (`id_admin`, `username_admin`, `password_admin`) VALUES
(3, 'admin', '21232f297a57a5a743894a0e4a801fc3');

-- --------------------------------------------------------

--
-- Table structure for table `dosen`
--

CREATE TABLE `dosen` (
  `id_dosen` int(11) NOT NULL,
  `nip` varchar(20) NOT NULL,
  `nama_dosen` varchar(50) NOT NULL,
  `jk_dosen` enum('Laki - Laki','Perempuan','','') DEFAULT NULL,
  `tgl_lahir` date DEFAULT NULL,
  `nohp` varchar(15) DEFAULT NULL,
  `email` varchar(30) DEFAULT NULL,
  `alamat` varchar(50) DEFAULT NULL,
  `foto_profil` varchar(255) DEFAULT NULL,
  `id_user` int(11) NOT NULL,
  `createDtm` datetime DEFAULT NULL,
  `updateDtm` timestamp NOT NULL DEFAULT '0000-00-00 00:00:00' ON UPDATE CURRENT_TIMESTAMP,
  `isDeleted` tinyint(4) NOT NULL DEFAULT '0'
) ENGINE=InnoDB DEFAULT CHARSET=latin1;

--
-- Dumping data for table `dosen`
--

INSERT INTO `dosen` (`id_dosen`, `nip`, `nama_dosen`, `jk_dosen`, `tgl_lahir`, `nohp`, `email`, `alamat`, `foto_profil`, `id_user`, `createDtm`, `updateDtm`, `isDeleted`) VALUES
(1, '98709865', 'Wahyono, S.Kom., Ph.D', NULL, NULL, NULL, NULL, NULL, NULL, 2, '2018-05-17 10:45:29', '0000-00-00 00:00:00', 0),
(2, '45673211', 'MUH. FAKHRURRIFQI, M.Cs.', NULL, NULL, NULL, NULL, NULL, NULL, 3, '2018-05-17 10:45:29', '0000-00-00 00:00:00', 0),
(3, '98765400', 'ANIFUDDIN AZIS, S.Si., M.Kom.', NULL, NULL, NULL, NULL, NULL, NULL, 4, '2018-05-17 10:45:29', '0000-00-00 00:00:00', 0),
(4, '67543299', 'MOH. EDI WIBOWO, S.Kom., M.Kom.', NULL, NULL, NULL, NULL, NULL, NULL, 5, '2018-05-17 10:45:29', '0000-00-00 00:00:00', 0),
(5, '65789755', 'Yusron Fuadi, S.Sn., M.Sn.', NULL, NULL, NULL, NULL, NULL, NULL, 6, '2018-05-17 10:45:29', '0000-00-00 00:00:00', 0),
(6, '45337921', 'Endro Purnomo, M.Cs', NULL, NULL, NULL, NULL, NULL, NULL, 7, '2018-05-17 10:45:29', '0000-00-00 00:00:00', 0),
(7, '89065311', 'Fitriansyah, S.Si., M.eng', NULL, NULL, NULL, NULL, NULL, NULL, 8, '2018-05-17 10:45:29', '0000-00-00 00:00:00', 0),
(8, '12983099', 'NABILLA KUSUMA VARDHANI, SIP, MA', NULL, NULL, NULL, NULL, NULL, NULL, 9, '2018-05-17 10:45:29', '0000-00-00 00:00:00', 0),
(9, '23498654', 'Cisya Dewantara Nugraha, M.A', NULL, NULL, NULL, NULL, NULL, NULL, 10, '2018-05-17 10:46:29', '0000-00-00 00:00:00', 0),
(10, '23906733', 'Yohana Ika, M.Hum.', NULL, NULL, NULL, NULL, NULL, NULL, 11, '2018-05-17 10:46:29', '0000-00-00 00:00:00', 0),
(11, '87609811', 'Firma Syahrian, M.Cs.', NULL, NULL, NULL, NULL, NULL, NULL, 12, '2018-05-17 10:46:29', '0000-00-00 00:00:00', 0),
(12, '21290087', 'Irkham Huda, M.Cs.', NULL, NULL, NULL, NULL, NULL, NULL, 13, '2018-05-17 10:46:29', '0000-00-00 00:00:00', 0),
(13, '12187433', 'Nur Rohman Rosyid, S.T., M.T., D.Eng', NULL, NULL, NULL, NULL, NULL, NULL, 14, '2018-05-17 10:46:29', '0000-00-00 00:00:00', 0),
(14, '23198534', 'Ardhi Wicaksono Santoso, M.Sc.', NULL, NULL, NULL, NULL, NULL, NULL, 15, '2018-05-17 10:46:29', '0000-00-00 00:00:00', 0),
(15, '21309733', 'Al Zaisar Trimulyo, S.Kom.', NULL, NULL, NULL, NULL, NULL, NULL, 16, '2018-05-17 10:46:29', '0000-00-00 00:00:00', 0),
(16, '98760055', 'ANINDITA SURYARASMI, M.Cs.', NULL, NULL, NULL, NULL, NULL, NULL, 17, '2018-05-17 10:46:29', '0000-00-00 00:00:00', 0),
(17, '20969744', 'Prihadi Yogaswara, S.T., M.Eng', NULL, NULL, NULL, NULL, NULL, NULL, 18, '2018-05-17 10:46:29', '0000-00-00 00:00:00', 0),
(18, '67892213', 'Rifauddin Tsalisi, S.Kom', NULL, NULL, NULL, NULL, NULL, NULL, 19, '2018-05-17 10:46:29', '0000-00-00 00:00:00', 0),
(19, '17821208', 'Imam Fahrurrozi, M.Cs', NULL, NULL, NULL, NULL, NULL, NULL, 20, '2018-05-17 10:46:29', '0000-00-00 00:00:00', 0),
(20, '23312899', 'Ratri Abdatush Sholihah, S.Kom.', 'Perempuan', '2018-04-25', '087999654212', 'ratri@gmail.com', 'Yogyakarta', NULL, 21, '2018-05-17 10:47:29', '2018-05-17 05:29:17', 0),
(21, '32376543', 'Adventus Ridwan, S.Kom', NULL, NULL, NULL, NULL, NULL, NULL, 22, '2018-05-17 10:47:29', '0000-00-00 00:00:00', 0),
(22, '23210965', 'Hijriyani Nugroho D.S., S.Kom.', NULL, NULL, NULL, NULL, NULL, NULL, 23, '2018-05-17 10:47:29', '0000-00-00 00:00:00', 0),
(23, '78965433', 'Fani Agustin, S.Kom.', NULL, NULL, NULL, NULL, NULL, NULL, 24, '2018-05-17 10:47:29', '0000-00-00 00:00:00', 0),
(24, '65712976', 'NUR ROKHMAN, S.Si., M.Kom.', NULL, NULL, NULL, NULL, NULL, NULL, 25, '2018-05-17 10:47:29', '0000-00-00 00:00:00', 0),
(25, '23108533', 'MEDI, Drs., M.Kom.', NULL, NULL, NULL, NULL, NULL, NULL, 26, '2018-05-17 10:47:29', '0000-00-00 00:00:00', 0),
(26, '23189543', 'Umar Taufiq, M.Cs', NULL, NULL, NULL, NULL, NULL, NULL, 27, '2018-05-17 10:47:29', '0000-00-00 00:00:00', 0),
(27, '23459855', 'ANNY KARTIKA SARI, S.Si., M.Sc.', NULL, NULL, NULL, NULL, NULL, NULL, 28, '2018-05-17 10:48:29', '0000-00-00 00:00:00', 0),
(28, '23451290', 'ANIFUDDIN AZIS, S.Si., M.Kom.', NULL, NULL, NULL, NULL, NULL, NULL, 29, '2018-05-17 10:48:29', '0000-00-00 00:00:00', 0),
(29, '34572155', 'SRI MULYANA, Drs., M.Kom.', NULL, NULL, NULL, NULL, NULL, NULL, 30, '2018-05-17 10:48:29', '0000-00-00 00:00:00', 0),
(30, '28073412', 'Rian Adam Raja Gede, S.Kom.', NULL, NULL, NULL, NULL, NULL, NULL, 31, '2018-05-17 10:48:29', '0000-00-00 00:00:00', 0),
(31, '76549077', 'Jayanti Tanri R.,, A.Md.', NULL, NULL, NULL, NULL, NULL, NULL, 32, '2018-05-17 10:48:29', '0000-00-00 00:00:00', 0),
(32, '65789022', 'Wahyu Kemalajati, S.Kom.', NULL, NULL, NULL, NULL, NULL, NULL, 33, '2018-05-17 10:49:29', '0000-00-00 00:00:00', 0),
(33, '23459976', 'Dino DJ, S.Kom.', NULL, NULL, NULL, NULL, NULL, NULL, 34, '2018-05-17 10:49:29', '0000-00-00 00:00:00', 0),
(34, '23237654', 'Abidurrahman Al Faruq, A.Md.', NULL, NULL, NULL, NULL, NULL, NULL, 35, '2018-05-17 10:49:29', '0000-00-00 00:00:00', 0),
(35, '56789543', 'Rochana Prih Hastuti, S.Kom.', NULL, NULL, NULL, NULL, NULL, NULL, 36, '2018-05-17 10:49:29', '0000-00-00 00:00:00', 0),
(36, '23095588', 'Muhammdad Rifqi A, M.Sc', NULL, NULL, NULL, NULL, NULL, NULL, 37, '2018-05-17 10:49:29', '0000-00-00 00:00:00', 0),
(37, '23765099', 'Dina Agustina, S.Pd.', NULL, NULL, NULL, NULL, NULL, NULL, 38, '2018-05-17 10:49:29', '0000-00-00 00:00:00', 0),
(38, '67812398', 'Kurrotul A''yun, S.Si.', NULL, NULL, NULL, NULL, NULL, NULL, 39, '2018-05-17 10:49:29', '0000-00-00 00:00:00', 0),
(39, '36598622', 'Muh. Rasfi Hilmi, S.Si.', NULL, NULL, NULL, NULL, NULL, NULL, 40, '2018-05-17 10:49:29', '0000-00-00 00:00:00', 0),
(40, '20976211', 'Deddy Rahmadi, S.Si.', NULL, NULL, NULL, NULL, NULL, NULL, 41, '2018-05-17 10:49:29', '0000-00-00 00:00:00', 0),
(41, '27893099', 'FAIZAH, S.Kom., M.Kom.', NULL, NULL, NULL, NULL, NULL, NULL, 42, '2018-05-17 10:49:29', '0000-00-00 00:00:00', 0),
(42, '37890133', 'ZULAELA, Drs., Dipl.Med.Stats., M.Si.', NULL, NULL, NULL, NULL, NULL, NULL, 43, '2018-05-17 10:49:29', '0000-00-00 00:00:00', 0);

-- --------------------------------------------------------

--
-- Table structure for table `grup`
--

CREATE TABLE `grup` (
  `id_grup` int(11) NOT NULL,
  `nama_grup` varchar(20) NOT NULL,
  `createDtm` datetime DEFAULT NULL,
  `updateDtm` timestamp NOT NULL DEFAULT '0000-00-00 00:00:00' ON UPDATE CURRENT_TIMESTAMP,
  `isDeleted` tinyint(4) NOT NULL DEFAULT '0'
) ENGINE=InnoDB DEFAULT CHARSET=latin1;

--
-- Dumping data for table `grup`
--

INSERT INTO `grup` (`id_grup`, `nama_grup`, `createDtm`, `updateDtm`, `isDeleted`) VALUES
(1, 'Teori', '2018-03-14 15:04:14', '0000-00-00 00:00:00', 0),
(2, 'Praktikum', '2018-03-14 15:04:14', '0000-00-00 00:00:00', 0);

-- --------------------------------------------------------

--
-- Table structure for table `jadwal`
--

CREATE TABLE `jadwal` (
  `id_jadwal` int(11) NOT NULL,
  `id_ta` int(11) NOT NULL,
  `id_kelas` int(11) NOT NULL,
  `id_waktu` int(11) NOT NULL,
  `id_ruang` int(11) NOT NULL,
  `createDtm` datetime DEFAULT NULL,
  `updateDtm` timestamp NOT NULL DEFAULT '0000-00-00 00:00:00' ON UPDATE CURRENT_TIMESTAMP,
  `isDeleted` tinyint(4) NOT NULL DEFAULT '0'
) ENGINE=InnoDB DEFAULT CHARSET=latin1;

--
-- Dumping data for table `jadwal`
--

INSERT INTO `jadwal` (`id_jadwal`, `id_ta`, `id_kelas`, `id_waktu`, `id_ruang`, `createDtm`, `updateDtm`, `isDeleted`) VALUES
(1, 1, 1, 18, 1, '2018-05-17 10:18:42', '0000-00-00 00:00:00', 0),
(2, 1, 2, 11, 2, '2018-05-17 10:18:42', '0000-00-00 00:00:00', 0),
(3, 1, 3, 14, 2, '2018-05-17 10:18:42', '0000-00-00 00:00:00', 0),
(4, 1, 4, 13, 1, '2018-05-17 10:18:42', '0000-00-00 00:00:00', 0),
(5, 1, 5, 1, 3, '2018-05-17 10:18:42', '0000-00-00 00:00:00', 0),
(6, 1, 6, 2, 2, '2018-05-17 10:18:42', '0000-00-00 00:00:00', 0),
(7, 1, 7, 3, 1, '2018-05-17 10:19:42', '0000-00-00 00:00:00', 0),
(8, 1, 8, 12, 2, '2018-05-17 10:19:42', '0000-00-00 00:00:00', 0),
(9, 1, 9, 14, 1, '2018-05-17 10:19:42', '0000-00-00 00:00:00', 0),
(10, 1, 10, 4, 1, '2018-05-17 10:19:42', '0000-00-00 00:00:00', 0),
(11, 1, 11, 3, 2, '2018-05-17 10:19:42', '0000-00-00 00:00:00', 0),
(12, 1, 12, 1, 1, '2018-05-17 10:19:42', '0000-00-00 00:00:00', 0),
(13, 1, 13, 17, 2, '2018-05-17 10:19:42', '0000-00-00 00:00:00', 0),
(14, 1, 14, 8, 2, '2018-05-17 10:19:42', '0000-00-00 00:00:00', 0),
(15, 1, 15, 18, 3, '2018-05-17 10:19:42', '0000-00-00 00:00:00', 0),
(16, 1, 16, 11, 1, '2018-05-17 10:19:42', '0000-00-00 00:00:00', 0),
(17, 1, 17, 13, 2, '2018-05-17 10:19:42', '0000-00-00 00:00:00', 0),
(18, 1, 18, 10, 3, '2018-05-17 10:19:42', '0000-00-00 00:00:00', 0),
(19, 1, 19, 16, 1, '2018-05-17 10:19:42', '0000-00-00 00:00:00', 0),
(20, 1, 20, 16, 2, '2018-05-17 10:19:42', '0000-00-00 00:00:00', 0),
(21, 1, 21, 6, 1, '2018-05-17 10:19:42', '0000-00-00 00:00:00', 0),
(22, 1, 22, 2, 5, '2018-05-17 10:19:42', '0000-00-00 00:00:00', 0),
(23, 1, 23, 14, 5, '2018-05-17 10:19:42', '0000-00-00 00:00:00', 0),
(24, 1, 23, 9, 4, '2018-05-17 10:19:42', '0000-00-00 00:00:00', 0),
(25, 1, 24, 14, 7, '2018-05-17 10:19:42', '0000-00-00 00:00:00', 0),
(26, 1, 24, 9, 10, '2018-05-17 10:20:42', '0000-00-00 00:00:00', 0),
(27, 1, 25, 1, 10, '2018-05-17 10:20:42', '0000-00-00 00:00:00', 0),
(28, 1, 25, 16, 7, '2018-05-17 10:20:42', '0000-00-00 00:00:00', 0),
(29, 1, 26, 5, 7, '2018-05-17 10:20:42', '0000-00-00 00:00:00', 0),
(30, 1, 26, 13, 10, '2018-05-17 10:20:42', '0000-00-00 00:00:00', 0),
(31, 1, 27, 6, 4, '2018-05-17 10:20:42', '0000-00-00 00:00:00', 0),
(32, 1, 27, 14, 4, '2018-05-17 10:20:42', '0000-00-00 00:00:00', 0),
(33, 1, 28, 8, 7, '2018-05-17 10:20:42', '0000-00-00 00:00:00', 0),
(34, 1, 28, 10, 10, '2018-05-17 10:20:42', '0000-00-00 00:00:00', 0),
(35, 1, 29, 7, 4, '2018-05-17 10:20:42', '0000-00-00 00:00:00', 0),
(36, 1, 29, 1, 6, '2018-05-17 10:20:42', '0000-00-00 00:00:00', 0),
(37, 1, 30, 2, 4, '2018-05-17 10:20:42', '0000-00-00 00:00:00', 0),
(38, 1, 30, 8, 4, '2018-05-17 10:20:42', '0000-00-00 00:00:00', 0),
(39, 1, 31, 3, 4, '2018-05-17 10:20:42', '0000-00-00 00:00:00', 0),
(40, 1, 31, 16, 4, '2018-05-17 10:21:42', '0000-00-00 00:00:00', 0),
(41, 1, 32, 11, 6, '2018-05-17 10:21:42', '0000-00-00 00:00:00', 0),
(42, 1, 32, 15, 6, '2018-05-17 10:21:42', '0000-00-00 00:00:00', 0),
(43, 1, 33, 2, 6, '2018-05-17 10:21:42', '0000-00-00 00:00:00', 0),
(44, 1, 33, 9, 6, '2018-05-17 10:21:42', '0000-00-00 00:00:00', 0),
(45, 1, 34, 8, 6, '2018-05-17 10:21:42', '0000-00-00 00:00:00', 0),
(46, 1, 34, 14, 6, '2018-05-17 10:21:42', '0000-00-00 00:00:00', 0),
(47, 1, 35, 5, 6, '2018-05-17 10:21:42', '0000-00-00 00:00:00', 0),
(48, 1, 35, 13, 6, '2018-05-17 10:21:42', '0000-00-00 00:00:00', 0),
(49, 1, 36, 4, 6, '2018-05-17 10:21:42', '0000-00-00 00:00:00', 0),
(50, 1, 36, 12, 6, '2018-05-17 10:21:42', '0000-00-00 00:00:00', 0),
(51, 1, 37, 8, 9, '2018-05-17 10:21:42', '0000-00-00 00:00:00', 0),
(52, 1, 37, 2, 8, '2018-05-17 10:21:42', '0000-00-00 00:00:00', 0),
(53, 1, 38, 15, 8, '2018-05-17 10:21:42', '0000-00-00 00:00:00', 0),
(54, 1, 38, 11, 9, '2018-05-17 10:21:42', '0000-00-00 00:00:00', 0),
(55, 1, 39, 9, 9, '2018-05-17 10:21:42', '0000-00-00 00:00:00', 0),
(56, 1, 39, 13, 5, '2018-05-17 10:21:42', '0000-00-00 00:00:00', 0),
(57, 1, 40, 7, 9, '2018-05-17 10:21:42', '0000-00-00 00:00:00', 0),
(58, 1, 40, 12, 9, '2018-05-17 10:21:42', '0000-00-00 00:00:00', 0),
(59, 1, 41, 2, 9, '2018-05-17 10:22:42', '0000-00-00 00:00:00', 0),
(60, 1, 41, 13, 9, '2018-05-17 10:22:42', '0000-00-00 00:00:00', 0),
(61, 1, 99, 10, 9, '2018-05-17 10:22:42', '0000-00-00 00:00:00', 0),
(62, 1, 42, 19, 6, '2018-05-17 10:22:42', '0000-00-00 00:00:00', 0),
(63, 1, 43, 19, 5, '2018-05-17 10:22:42', '0000-00-00 00:00:00', 0),
(64, 1, 44, 15, 9, '2018-05-17 10:22:42', '0000-00-00 00:00:00', 0),
(65, 1, 100, 4, 9, '2018-05-17 10:22:42', '0000-00-00 00:00:00', 0),
(66, 1, 45, 8, 8, '2018-05-17 10:22:42', '0000-00-00 00:00:00', 0),
(67, 1, 46, 5, 1, '2018-05-17 10:22:42', '0000-00-00 00:00:00', 0),
(68, 1, 47, 4, 2, '2018-05-17 10:23:42', '0000-00-00 00:00:00', 0),
(69, 1, 48, 17, 3, '2018-05-17 10:23:42', '0000-00-00 00:00:00', 0),
(70, 1, 49, 7, 3, '2018-05-17 10:23:42', '0000-00-00 00:00:00', 0),
(71, 1, 50, 16, 3, '2018-05-17 10:23:42', '0000-00-00 00:00:00', 0),
(72, 1, 51, 6, 2, '2018-05-17 10:23:42', '0000-00-00 00:00:00', 0),
(73, 1, 52, 8, 1, '2018-05-17 10:23:42', '2018-05-17 08:49:12', 0),
(74, 1, 53, 10, 1, '2018-05-17 10:23:42', '0000-00-00 00:00:00', 0),
(75, 1, 54, 11, 3, '2018-05-17 10:23:42', '0000-00-00 00:00:00', 0),
(76, 1, 56, 3, 7, '2018-05-17 10:23:42', '0000-00-00 00:00:00', 0),
(77, 1, 56, 6, 10, '2018-05-17 10:23:42', '0000-00-00 00:00:00', 0),
(78, 1, 57, 4, 7, '2018-05-17 10:23:42', '0000-00-00 00:00:00', 0),
(79, 1, 57, 12, 10, '2018-05-17 10:23:42', '0000-00-00 00:00:00', 0),
(80, 1, 60, 6, 6, '2018-05-17 10:23:42', '0000-00-00 00:00:00', 0),
(81, 1, 61, 10, 6, '2018-05-17 10:23:42', '0000-00-00 00:00:00', 0),
(82, 1, 62, 16, 6, '2018-05-17 10:23:42', '0000-00-00 00:00:00', 0),
(83, 1, 63, 7, 6, '2018-05-17 10:23:42', '0000-00-00 00:00:00', 0),
(84, 1, 64, 17, 6, '2018-05-17 10:23:42', '0000-00-00 00:00:00', 0),
(85, 1, 65, 1, 8, '2018-05-17 10:24:42', '0000-00-00 00:00:00', 0),
(86, 1, 65, 9, 8, '2018-05-17 10:24:42', '0000-00-00 00:00:00', 0),
(87, 1, 66, 13, 8, '2018-05-17 10:24:42', '0000-00-00 00:00:00', 0),
(88, 1, 66, 17, 8, '2018-05-17 10:24:42', '0000-00-00 00:00:00', 0),
(89, 1, 67, 6, 9, '2018-05-17 10:24:42', '0000-00-00 00:00:00', 0),
(90, 1, 67, 17, 9, '2018-05-17 10:24:42', '0000-00-00 00:00:00', 0),
(91, 1, 68, 10, 8, '2018-05-17 10:24:42', '0000-00-00 00:00:00', 0),
(92, 1, 68, 18, 8, '2018-05-17 10:24:42', '0000-00-00 00:00:00', 0),
(93, 1, 69, 5, 9, '2018-05-17 10:24:42', '0000-00-00 00:00:00', 0),
(94, 1, 69, 18, 4, '2018-05-17 10:24:42', '0000-00-00 00:00:00', 0),
(95, 1, 70, 6, 7, '2018-05-17 10:24:42', '0000-00-00 00:00:00', 0),
(96, 1, 71, 4, 8, '2018-05-17 10:24:42', '0000-00-00 00:00:00', 0),
(97, 1, 72, 3, 6, '2018-05-17 10:24:42', '0000-00-00 00:00:00', 0),
(98, 1, 73, 12, 8, '2018-05-17 10:24:42', '0000-00-00 00:00:00', 0),
(99, 1, 74, 15, 7, '2018-05-17 10:24:42', '0000-00-00 00:00:00', 0),
(100, 1, 75, 7, 7, '2018-05-17 10:24:42', '0000-00-00 00:00:00', 0),
(101, 1, 76, 1, 7, '2018-05-17 10:24:42', '0000-00-00 00:00:00', 0),
(102, 1, 77, 2, 7, '2018-05-17 10:25:42', '0000-00-00 00:00:00', 0),
(103, 1, 78, 11, 7, '2018-05-17 10:25:42', '0000-00-00 00:00:00', 0),
(104, 1, 79, 10, 7, '2018-05-17 10:25:42', '0000-00-00 00:00:00', 0),
(105, 1, 80, 14, 8, '2018-05-17 10:25:42', '0000-00-00 00:00:00', 0),
(106, 1, 81, 5, 8, '2018-05-17 10:25:42', '0000-00-00 00:00:00', 0),
(107, 1, 82, 6, 8, '2018-05-17 10:25:42', '0000-00-00 00:00:00', 0),
(108, 1, 83, 3, 8, '2018-05-17 10:25:42', '0000-00-00 00:00:00', 0),
(109, 1, 84, 3, 9, '2018-05-17 10:25:42', '0000-00-00 00:00:00', 0),
(110, 1, 85, 5, 4, '2018-05-17 10:25:42', '0000-00-00 00:00:00', 0),
(111, 1, 86, 15, 5, '2018-05-17 10:25:42', '0000-00-00 00:00:00', 0),
(112, 1, 87, 17, 4, '2018-05-17 10:25:42', '0000-00-00 00:00:00', 0),
(113, 1, 88, 8, 5, '2018-05-17 10:25:42', '0000-00-00 00:00:00', 0),
(114, 1, 89, 7, 5, '2018-05-17 10:25:42', '0000-00-00 00:00:00', 0),
(115, 1, 90, 12, 1, '2018-05-17 10:25:42', '0000-00-00 00:00:00', 0),
(116, 1, 91, 18, 2, '2018-05-17 10:25:42', '0000-00-00 00:00:00', 0),
(117, 1, 92, 15, 1, '2018-05-17 10:25:42', '0000-00-00 00:00:00', 0),
(118, 1, 93, 10, 2, '2018-05-17 10:25:42', '0000-00-00 00:00:00', 0),
(119, 1, 94, 7, 1, '2018-05-17 10:26:42', '0000-00-00 00:00:00', 0),
(120, 1, 95, 4, 3, '2018-05-17 10:26:42', '0000-00-00 00:00:00', 0),
(121, 1, 96, 1, 2, '2018-05-17 10:26:42', '0000-00-00 00:00:00', 0),
(122, 1, 97, 2, 1, '2018-05-17 10:26:42', '0000-00-00 00:00:00', 0),
(123, 1, 98, 9, 3, '2018-05-17 10:26:42', '0000-00-00 00:00:00', 0),
(124, 1, 8, 20, 2, '2018-05-17 16:57:38', '0000-00-00 00:00:00', 0);

-- --------------------------------------------------------

--
-- Table structure for table `kelas`
--

CREATE TABLE `kelas` (
  `id_kelas` int(11) NOT NULL,
  `nama_kelas` varchar(50) NOT NULL,
  `status_kelas` enum('Aktif','Tidak Aktif','','') NOT NULL DEFAULT 'Aktif',
  `id_matkul` int(11) NOT NULL,
  `id_grup` int(11) NOT NULL,
  `createDtm` datetime DEFAULT NULL,
  `updateDtm` timestamp NOT NULL DEFAULT '0000-00-00 00:00:00' ON UPDATE CURRENT_TIMESTAMP,
  `isDeleted` tinyint(4) NOT NULL DEFAULT '0'
) ENGINE=InnoDB DEFAULT CHARSET=latin1;

--
-- Dumping data for table `kelas`
--

INSERT INTO `kelas` (`id_kelas`, `nama_kelas`, `status_kelas`, `id_matkul`, `id_grup`, `createDtm`, `updateDtm`, `isDeleted`) VALUES
(1, 'ASD2-A-KOMSI', 'Tidak Aktif', 1, 1, '2018-05-17 10:36:39', '2018-05-17 05:39:45', 0),
(2, 'ASD2-B-KOMSI', 'Tidak Aktif', 1, 1, '2018-05-17 10:36:39', '2018-05-17 05:39:45', 0),
(3, 'ASD2-C-KOMSI', 'Tidak Aktif', 1, 1, '2018-05-17 10:37:39', '2018-05-17 05:39:45', 0),
(4, 'AVM-A-KOMSI', 'Tidak Aktif', 2, 1, '2018-05-17 10:37:39', '2018-05-17 05:39:45', 0),
(5, 'AVM-B-KOMSI', 'Tidak Aktif', 2, 1, '2018-05-17 10:37:39', '2018-05-17 09:18:24', 0),
(6, 'AVM-C-KOMSI', 'Tidak Aktif', 2, 1, '2018-05-17 10:37:39', '2018-05-17 09:18:24', 0),
(7, 'Animasi3D-A-KOMSI', 'Tidak Aktif', 3, 1, '2018-05-17 10:37:39', '2018-05-17 05:39:45', 0),
(8, 'Animasi3D-B-KOMSI', 'Tidak Aktif', 3, 1, '2018-05-17 10:37:39', '2018-05-17 05:39:45', 0),
(9, 'Animasi3D-C-KOMSI', 'Tidak Aktif', 3, 1, '2018-05-17 10:37:39', '2018-05-17 05:39:45', 0),
(10, 'ERP-A-KOMSI', 'Tidak Aktif', 4, 1, '2018-05-17 10:38:39', '2018-05-17 09:18:24', 0),
(11, 'ERP-B-KOMSI', 'Tidak Aktif', 4, 1, '2018-05-17 10:38:39', '2018-05-17 09:18:24', 0),
(12, 'ERP-C-KOMSI', 'Tidak Aktif', 4, 1, '2018-05-17 10:38:39', '2018-05-17 09:26:37', 0),
(13, 'B.Inggris-A-KOMSI', 'Tidak Aktif', 5, 1, '2018-05-17 10:38:39', '2018-05-17 09:18:24', 0),
(14, 'B.Inggris-B-KOMSI', 'Tidak Aktif', 5, 1, '2018-05-17 10:38:39', '2018-05-17 09:18:24', 0),
(15, 'B.Inggris-C-KOMSI', 'Tidak Aktif', 5, 1, '2018-05-17 10:38:39', '2018-05-17 09:18:24', 0),
(16, 'BasDat1-A-KOMSI', 'Tidak Aktif', 6, 1, '2018-05-17 10:38:39', '2018-05-17 09:18:24', 0),
(17, 'BasDat1-B-KOMSI', 'Tidak Aktif', 6, 1, '2018-05-17 10:38:39', '2018-05-17 09:18:24', 0),
(18, 'BasDat1-C-KOMSI', 'Tidak Aktif', 6, 1, '2018-05-17 10:38:39', '2018-05-17 09:18:24', 0),
(19, 'JarKomLanjut-A-KOMSI', 'Tidak Aktif', 7, 1, '2018-05-17 10:39:39', '2018-05-17 09:26:37', 0),
(20, 'JarKomLanjut-B-KOMSI', 'Tidak Aktif', 7, 1, '2018-05-17 10:39:39', '2018-05-17 09:26:37', 0),
(21, 'JarKomLanjut-C-KOMSI', 'Tidak Aktif', 7, 1, '2018-05-17 10:39:39', '2018-05-17 09:26:37', 0),
(22, 'KL.JarKom1-AA-KOMSI', 'Tidak Aktif', 8, 2, '2018-05-17 10:39:39', '2018-05-17 09:26:37', 0),
(23, 'KL.JarKom1-AB-KOMSI', 'Tidak Aktif', 8, 2, '2018-05-17 10:39:39', '2018-05-17 09:26:37', 0),
(24, 'KL.JarKom1-BB-KOMSI', 'Tidak Aktif', 8, 2, '2018-05-17 10:39:39', '2018-05-17 09:26:37', 0),
(25, 'KL.JarKom1-C1-KOMSI', 'Tidak Aktif', 8, 2, '2018-05-17 10:39:39', '2018-05-17 09:26:37', 0),
(26, 'KL.JarKom1-C2-KOMSI', 'Tidak Aktif', 8, 2, '2018-05-17 10:39:39', '2018-05-17 09:26:37', 0),
(27, 'KL.JarKom2-AA-KOMSI', 'Tidak Aktif', 9, 2, '2018-05-17 10:40:39', '2018-05-17 09:26:37', 0),
(28, 'KL.JarKom2-AB-KOMSI', 'Tidak Aktif', 9, 2, '2018-05-17 10:40:39', '2018-05-17 09:26:37', 0),
(29, 'KL.JarKom2-BB-KOMSI', 'Tidak Aktif', 9, 2, '2018-05-17 10:40:39', '2018-05-17 09:26:37', 0),
(30, 'KL.JarKom2-C1-KOMSI', 'Tidak Aktif', 9, 2, '2018-05-17 10:40:39', '2018-05-17 09:26:37', 0),
(31, 'KL.JarKom2-C2-KOMSI', 'Tidak Aktif', 9, 2, '2018-05-17 10:40:39', '2018-05-17 09:26:37', 0),
(32, 'KL.PAPB-AA-KOMSI', 'Tidak Aktif', 10, 2, '2018-05-17 10:40:39', '2018-05-17 09:26:38', 0),
(33, 'KL.PAPB-AB-KOMSI', 'Tidak Aktif', 10, 2, '2018-05-17 10:40:39', '2018-05-17 09:26:38', 0),
(34, 'KL.PAPB-BB-KOMSI', 'Tidak Aktif', 10, 2, '2018-05-17 10:41:39', '2018-05-17 09:26:38', 0),
(35, 'KL.PAPB-C1-KOMSI', 'Tidak Aktif', 10, 2, '2018-05-17 10:41:39', '2018-05-17 09:26:38', 0),
(36, 'KL.PAPB-C2-KOMSI', 'Tidak Aktif', 10, 2, '2018-05-17 10:41:39', '2018-05-17 09:26:38', 0),
(37, 'KL.Visual-AA-KOMSI', 'Tidak Aktif', 11, 2, '2018-05-17 10:41:39', '2018-05-17 09:26:38', 0),
(38, 'KL.Visual-AB-KOMSI', 'Tidak Aktif', 11, 2, '2018-05-17 10:41:39', '2018-05-17 09:26:38', 0),
(39, 'KL.Visual-BB-KOMSI', 'Tidak Aktif', 11, 2, '2018-05-17 10:41:39', '2018-05-17 09:26:38', 0),
(40, 'KL.Visual-C1-KOMSI', 'Tidak Aktif', 11, 2, '2018-05-17 10:41:39', '2018-05-17 09:26:38', 0),
(41, 'KL.Visual-C2-KOMSI', 'Tidak Aktif', 11, 2, '2018-05-17 10:42:39', '2018-05-17 09:26:38', 0),
(42, 'KL.PAP-ABC1-KOMSI', 'Tidak Aktif', 12, 2, '2018-05-17 10:42:39', '2018-05-17 09:26:38', 0),
(43, 'KL.PAP-ABC2-KOMSI', 'Tidak Aktif', 12, 2, '2018-05-17 10:42:39', '2018-05-17 09:26:38', 0),
(44, 'KL.PAP-BB-KOMSI', 'Tidak Aktif', 12, 2, '2018-05-17 10:42:39', '2018-05-17 09:26:38', 0),
(45, 'KL.PAP-C2-KOMSI', 'Tidak Aktif', 12, 2, '2018-05-17 10:42:39', '2018-05-17 09:26:38', 0),
(46, 'KomNum-A-KOMSI', 'Tidak Aktif', 13, 1, '2018-05-17 10:42:39', '2018-05-17 09:26:38', 0),
(47, 'KomNum-B-KOMSI', 'Tidak Aktif', 13, 1, '2018-05-17 10:42:39', '2018-05-17 09:26:38', 0),
(48, 'KomNum-C-KOMSI', 'Tidak Aktif', 13, 1, '2018-05-17 10:42:39', '2018-05-17 09:26:38', 0),
(49, 'MatDis2-A-KOMSI', 'Tidak Aktif', 14, 1, '2018-05-17 10:42:39', '2018-05-17 09:26:38', 0),
(50, 'MatDis2-B-KOMSI', 'Tidak Aktif', 14, 1, '2018-05-17 10:43:39', '2018-05-17 09:26:38', 0),
(51, 'MatDis2-C-KOMSI', 'Tidak Aktif', 14, 1, '2018-05-17 10:43:39', '2018-05-17 09:26:38', 0),
(52, 'AgamaIslam-A-KOMSI', 'Tidak Aktif', 17, 1, '2018-05-17 10:43:39', '2018-05-17 09:14:29', 1),
(53, 'AgamaIslam-B-KOMSI', 'Tidak Aktif', 17, 1, '2018-05-17 10:43:39', '2018-05-17 05:39:45', 0),
(54, 'AgamaIslam-C-KOMSI', 'Tidak Aktif', 17, 1, '2018-05-17 10:43:39', '2018-05-17 05:39:45', 0),
(55, 'Prak.ASD2-AA-KOMSI', 'Tidak Aktif', 22, 2, '2018-05-17 10:43:39', '2018-05-17 09:26:39', 0),
(56, 'Prak.ASD2-AB-KOMSI', 'Tidak Aktif', 22, 2, '2018-05-17 10:43:39', '2018-05-17 09:26:39', 0),
(57, 'Prak.ASD2-BB-KOMSI', 'Tidak Aktif', 22, 2, '2018-05-17 10:43:39', '2018-05-17 09:26:39', 0),
(58, 'Prak.ASD2-C1-KOMSI', 'Tidak Aktif', 22, 2, '2018-05-17 10:43:39', '2018-05-17 09:26:39', 0),
(59, 'Prak.ASD2-C2-KOMSI', 'Tidak Aktif', 22, 2, '2018-05-17 10:44:39', '2018-05-17 09:26:39', 0),
(60, 'Prak.Animasi3D-AB-KOMSI', 'Tidak Aktif', 23, 2, '2018-05-17 10:44:39', '2018-05-17 09:26:38', 0),
(61, 'Prak.Animasi3D-BB-KOMSI', 'Tidak Aktif', 23, 2, '2018-05-17 10:44:39', '2018-05-17 09:26:39', 0),
(62, 'Prak.Animasi3D-C1-KOMSI', 'Tidak Aktif', 23, 2, '2018-05-17 10:44:39', '2018-05-17 09:26:39', 0),
(63, 'Prak.Animasi3D-C2-KOMSI', 'Tidak Aktif', 23, 2, '2018-05-17 10:44:39', '2018-05-17 09:26:39', 0),
(64, 'Prak.Animasi3D-AA-KOMSI', 'Tidak Aktif', 23, 2, '2018-05-17 10:44:39', '2018-05-17 09:26:38', 0),
(65, 'Prak.ERP-AA-KOMSI', 'Tidak Aktif', 24, 2, '2018-05-17 10:44:39', '2018-05-17 09:27:07', 0),
(66, 'Prak.ERP-AB-KOMSI', 'Tidak Aktif', 24, 2, '2018-05-17 10:44:39', '2018-05-17 09:27:07', 0),
(67, 'Prak.ERP-BB-KOMSI', 'Tidak Aktif', 24, 2, '2018-05-17 10:45:39', '2018-05-17 09:27:07', 0),
(68, 'Prak.ERP-C1-KOMSI', 'Tidak Aktif', 24, 2, '2018-05-17 10:45:39', '2018-05-17 09:27:07', 0),
(69, 'Prak.ERP-C2-KOMSI', 'Tidak Aktif', 24, 2, '2018-05-17 10:45:39', '2018-05-17 09:27:07', 0),
(70, 'Prak.BasDat1-AA-KOMSI', 'Tidak Aktif', 25, 2, '2018-05-17 10:45:39', '2018-05-17 09:26:39', 0),
(71, 'Prak.BasDat1-AB-KOMSI', 'Tidak Aktif', 25, 2, '2018-05-17 10:45:39', '2018-05-17 09:26:39', 0),
(72, 'Prak.BasDat1-BB-KOMSI', 'Tidak Aktif', 25, 2, '2018-05-17 10:45:39', '2018-05-17 09:26:39', 0),
(73, 'Prak.BasDat1-C1-KOMSI', 'Tidak Aktif', 25, 2, '2018-05-17 10:45:39', '2018-05-17 09:26:39', 0),
(74, 'Prak.BasDat1-C2-KOMSI', 'Tidak Aktif', 25, 2, '2018-05-17 10:45:39', '2018-05-17 09:27:07', 0),
(75, 'Prak.KomNum-AA-KOMSI', 'Tidak Aktif', 26, 2, '2018-05-17 10:45:39', '2018-05-17 09:27:07', 0),
(76, 'Prak.KomNum-AB-KOMSI', 'Tidak Aktif', 26, 2, '2018-05-17 10:46:39', '2018-05-17 09:27:07', 0),
(77, 'Prak.KomNum-BB-KOMSI', 'Tidak Aktif', 26, 2, '2018-05-17 10:46:39', '2018-05-17 09:27:07', 0),
(78, 'Prak.KomNum-C1-KOMSI', 'Tidak Aktif', 26, 2, '2018-05-17 10:46:39', '2018-05-17 09:27:07', 0),
(79, 'Prak.KomNum-C2-KOMSI', 'Tidak Aktif', 26, 2, '2018-05-17 10:46:39', '2018-05-17 09:27:07', 0),
(80, 'Prak.SO-AA-KOMSI', 'Tidak Aktif', 27, 2, '2018-05-17 10:46:39', '2018-05-17 09:27:07', 0),
(81, 'Prak.SO-AB-KOMSI', 'Tidak Aktif', 27, 2, '2018-05-17 10:46:39', '2018-05-17 09:27:07', 0),
(82, 'Prak.SO-BB-KOMSI', 'Tidak Aktif', 27, 2, '2018-05-17 10:46:39', '2018-05-17 09:27:07', 0),
(83, 'Prak.SO-C1-KOMSI', 'Tidak Aktif', 27, 2, '2018-05-17 10:46:39', '2018-05-17 09:27:07', 0),
(84, 'Prak.SO-C2-KOMSI', 'Tidak Aktif', 27, 2, '2018-05-17 10:46:39', '2018-05-17 09:27:07', 0),
(85, 'Prak.SPD-AA-KOMSI', 'Tidak Aktif', 28, 2, '2018-05-17 10:46:39', '2018-05-17 09:27:07', 0),
(86, 'Prak.SPD-AB-KOMSI', 'Tidak Aktif', 28, 2, '2018-05-17 10:47:39', '2018-05-17 09:27:07', 0),
(87, 'Prak.SPD-BB-KOMSI', 'Tidak Aktif', 28, 2, '2018-05-17 10:47:39', '2018-05-17 09:27:07', 0),
(88, 'Prak.SPD-C1-KOMSI', 'Tidak Aktif', 28, 2, '2018-05-17 10:47:39', '2018-05-17 09:27:07', 0),
(89, 'Prak.SPD-C2-KOMSI', 'Tidak Aktif', 28, 2, '2018-05-17 10:47:39', '2018-05-17 09:27:08', 0),
(90, 'SI-A-KOMSI', 'Tidak Aktif', 29, 1, '2018-05-17 10:47:39', '2018-05-17 09:27:08', 0),
(91, 'SI-B-KOMSI', 'Tidak Aktif', 29, 1, '2018-05-17 10:47:39', '2018-05-17 09:27:08', 0),
(92, 'SI-C-KOMSI', 'Tidak Aktif', 29, 1, '2018-05-17 10:47:39', '2018-05-17 09:27:08', 0),
(93, 'SO-A-KOMSI', 'Tidak Aktif', 30, 1, '2018-05-17 10:47:39', '2018-05-17 09:27:08', 0),
(94, 'SO-B-KOMSI', 'Tidak Aktif', 30, 1, '2018-05-17 10:47:39', '2018-05-17 09:27:08', 0),
(95, 'SO-C-KOMSI', 'Tidak Aktif', 30, 1, '2018-05-17 10:48:39', '2018-05-17 09:27:08', 0),
(96, 'SPD-A-KOMSI', 'Tidak Aktif', 31, 1, '2018-05-17 10:48:39', '2018-05-17 09:27:08', 0),
(97, 'SPD-B-KOMSI', 'Tidak Aktif', 31, 1, '2018-05-17 10:48:39', '2018-05-17 09:27:08', 0),
(98, 'SPD-C-KOMSI', 'Tidak Aktif', 31, 1, '2018-05-17 10:48:39', '2018-05-17 09:27:08', 0),
(99, 'KL.PAP-AA-KOMSI', 'Tidak Aktif', 12, 2, '2018-05-17 10:22:42', '2018-05-17 09:26:37', 0),
(100, 'KL.PAP-C1-KOMSI', 'Tidak Aktif', 12, 2, '2018-05-17 10:22:42', '2018-05-17 09:26:38', 0),
(101, 'AgamaIslam-A-KOMSI', 'Aktif', 17, 1, '2018-05-17 16:58:38', '0000-00-00 00:00:00', 0),
(102, 'ASD2-A-KOMSI', 'Aktif', 1, 1, '2018-05-17 17:54:04', '0000-00-00 00:00:00', 0),
(103, 'ASD2-B-KOMSI', 'Aktif', 1, 1, '2018-05-17 17:54:04', '0000-00-00 00:00:00', 0),
(104, 'ASD2-C-KOMSI', 'Aktif', 1, 1, '2018-05-17 17:54:04', '0000-00-00 00:00:00', 0),
(105, 'AVM-A-KOMSI', 'Aktif', 2, 1, '2018-05-17 17:54:04', '0000-00-00 00:00:00', 0),
(106, 'AVM-B-KOMSI', 'Aktif', 2, 1, '2018-05-17 17:54:04', '0000-00-00 00:00:00', 0),
(107, 'AVM-C-KOMSI', 'Aktif', 2, 1, '2018-05-17 17:54:04', '0000-00-00 00:00:00', 0),
(108, 'Animasi3D-A-KOMSI', 'Aktif', 3, 1, '2018-05-17 17:54:04', '0000-00-00 00:00:00', 0),
(109, 'Animasi3D-B-KOMSI', 'Aktif', 3, 1, '2018-05-17 17:54:04', '0000-00-00 00:00:00', 0),
(110, 'Animasi3D-C-KOMSI', 'Aktif', 3, 1, '2018-05-17 17:54:04', '0000-00-00 00:00:00', 0),
(111, 'ERP-A-KOMSI', 'Aktif', 4, 1, '2018-05-17 17:55:04', '0000-00-00 00:00:00', 0),
(112, 'ERP-B-KOMSI', 'Aktif', 4, 1, '2018-05-17 17:55:04', '0000-00-00 00:00:00', 0),
(113, 'ERP-C-KOMSI', 'Aktif', 4, 1, '2018-05-17 17:55:04', '0000-00-00 00:00:00', 0),
(114, 'B.Inggris-A-KOMSI', 'Aktif', 5, 1, '2018-05-17 17:55:04', '0000-00-00 00:00:00', 0),
(115, 'B.Inggris-B-KOMSI', 'Aktif', 5, 1, '2018-05-17 17:55:04', '0000-00-00 00:00:00', 0),
(116, 'B.Inggris-C-KOMSI', 'Aktif', 5, 1, '2018-05-17 17:55:04', '0000-00-00 00:00:00', 0),
(117, 'BasDat1-A-KOMSI', 'Aktif', 6, 1, '2018-05-17 17:56:04', '0000-00-00 00:00:00', 0),
(118, 'BasDat1-B-KOMSI', 'Aktif', 6, 1, '2018-05-17 17:56:04', '0000-00-00 00:00:00', 0),
(119, 'BasDat1-C-KOMSI', 'Aktif', 6, 1, '2018-05-17 17:56:04', '0000-00-00 00:00:00', 0),
(120, 'JarKomLanjut-A-KOMSI', 'Aktif', 7, 1, '2018-05-17 17:56:04', '0000-00-00 00:00:00', 0),
(121, 'JarKomLanjut-B-KOMSI', 'Aktif', 7, 1, '2018-05-17 17:56:04', '0000-00-00 00:00:00', 0),
(122, 'JarKomLanjut-C-KOMSI', 'Aktif', 7, 1, '2018-05-17 17:56:04', '0000-00-00 00:00:00', 0),
(123, 'KL.JarKom1-AA-KOMSI', 'Aktif', 8, 2, '2018-05-17 17:56:04', '0000-00-00 00:00:00', 0),
(124, 'KL.JarKom1-AB-KOMSI', 'Aktif', 8, 2, '2018-05-17 17:56:04', '0000-00-00 00:00:00', 0),
(125, 'KL.JarKom1-BB-KOMSI', 'Aktif', 8, 2, '2018-05-17 17:57:04', '0000-00-00 00:00:00', 0),
(126, 'KL.JarKom1-C1-KOMSI', 'Aktif', 8, 2, '2018-05-17 17:57:04', '0000-00-00 00:00:00', 0),
(127, 'KL.JarKom1-C2-KOMSI', 'Aktif', 8, 2, '2018-05-17 17:57:04', '0000-00-00 00:00:00', 0),
(128, 'KL.JarKom2-AA-KOMSI', 'Aktif', 9, 2, '2018-05-17 17:57:04', '0000-00-00 00:00:00', 0),
(129, 'KL.JarKom2-AB-KOMSI', 'Aktif', 9, 2, '2018-05-17 17:57:04', '0000-00-00 00:00:00', 0),
(130, 'KL.JarKom2-BB-KOMSI', 'Aktif', 9, 2, '2018-05-17 17:57:04', '0000-00-00 00:00:00', 0),
(131, 'KL.JarKom2-C1-KOMSI', 'Aktif', 9, 2, '2018-05-17 17:57:04', '0000-00-00 00:00:00', 0),
(132, 'KL.JarKom2-C2-KOMSI', 'Aktif', 9, 2, '2018-05-17 17:57:04', '0000-00-00 00:00:00', 0),
(133, 'KL.PAPB-AA-KOMSI', 'Aktif', 10, 2, '2018-05-17 17:57:04', '0000-00-00 00:00:00', 0),
(134, 'KL.PAPB-AB-KOMSI', 'Aktif', 10, 2, '2018-05-17 17:58:04', '0000-00-00 00:00:00', 0),
(135, 'KL.PAPB-BB-KOMSI', 'Aktif', 10, 2, '2018-05-17 17:58:04', '0000-00-00 00:00:00', 0),
(136, 'KL.PAPB-C1-KOMSI', 'Aktif', 10, 2, '2018-05-17 17:58:04', '0000-00-00 00:00:00', 0),
(137, 'KL.PAPB-C2-KOMSI', 'Aktif', 10, 2, '2018-05-17 17:58:04', '0000-00-00 00:00:00', 0),
(138, 'KL.Visual-AA-KOMSI', 'Aktif', 11, 2, '2018-05-17 17:58:04', '0000-00-00 00:00:00', 0),
(139, 'KL.Visual-AB-KOMSI', 'Aktif', 11, 2, '2018-05-17 17:58:04', '0000-00-00 00:00:00', 0),
(140, 'KL.Visual-BB-KOMSI', 'Aktif', 11, 2, '2018-05-17 17:58:04', '0000-00-00 00:00:00', 0),
(141, 'KL.Visual-C1-KOMSI', 'Aktif', 11, 2, '2018-05-17 17:58:04', '0000-00-00 00:00:00', 0),
(142, 'KL.Visual-C2-KOMSI', 'Aktif', 11, 2, '2018-05-17 17:58:04', '0000-00-00 00:00:00', 0),
(143, 'KL.PAP-ABC1-KOMSI', 'Aktif', 12, 2, '2018-05-17 17:58:04', '0000-00-00 00:00:00', 0),
(144, 'KL.PAP-ABC2-KOMSI', 'Aktif', 12, 2, '2018-05-17 17:58:04', '0000-00-00 00:00:00', 0),
(145, 'KL.PAP-BB-KOMSI', 'Aktif', 12, 2, '2018-05-17 17:59:04', '0000-00-00 00:00:00', 0),
(146, 'KL.PAP-C2-KOMSI', 'Aktif', 12, 2, '2018-05-17 17:59:04', '0000-00-00 00:00:00', 0),
(147, 'KomNum-A-KOMSI', 'Aktif', 13, 1, '2018-05-17 17:59:04', '0000-00-00 00:00:00', 0),
(148, 'KomNum-B-KOMSI', 'Aktif', 13, 1, '2018-05-17 17:59:04', '0000-00-00 00:00:00', 0),
(149, 'KomNum-C-KOMSI', 'Aktif', 13, 1, '2018-05-17 17:59:04', '0000-00-00 00:00:00', 0),
(150, 'MatDis2-A-KOMSI', 'Aktif', 14, 1, '2018-05-17 17:59:04', '0000-00-00 00:00:00', 0),
(151, 'MatDis2-B-KOMSI', 'Aktif', 14, 1, '2018-05-17 17:59:04', '0000-00-00 00:00:00', 0),
(152, 'MatDis2-C-KOMSI', 'Aktif', 14, 1, '2018-05-17 17:59:04', '0000-00-00 00:00:00', 0),
(153, 'AgamaIslam-A-KOMSI', 'Aktif', 17, 1, '2018-05-17 17:59:04', '0000-00-00 00:00:00', 0),
(154, 'AgamaIslam-B-KOMSI', 'Aktif', 17, 1, '2018-05-17 17:00:05', '0000-00-00 00:00:00', 0),
(155, 'AgamaIslam-C-KOMSI', 'Aktif', 17, 1, '2018-05-17 17:00:05', '0000-00-00 00:00:00', 0),
(156, 'Prak.ASD2-AA-KOMSI', 'Aktif', 22, 2, '2018-05-17 17:00:05', '0000-00-00 00:00:00', 0),
(157, 'Prak.ASD2-AB-KOMSI', 'Aktif', 22, 2, '2018-05-17 17:00:05', '0000-00-00 00:00:00', 0),
(158, 'Prak.ASD2-BB-KOMSI', 'Aktif', 22, 2, '2018-05-17 17:00:05', '0000-00-00 00:00:00', 0),
(159, 'Prak.ASD2-C1-KOMSI', 'Aktif', 22, 2, '2018-05-17 17:00:05', '0000-00-00 00:00:00', 0),
(160, 'Prak.ASD2-C2-KOMSI', 'Aktif', 22, 2, '2018-05-17 17:00:05', '0000-00-00 00:00:00', 0),
(161, 'Prak.Animasi3D-AB-KOMSI', 'Aktif', 23, 2, '2018-05-17 17:00:05', '0000-00-00 00:00:00', 0),
(162, 'Prak.Animasi3D-BB-KOMSI', 'Aktif', 23, 2, '2018-05-17 17:00:05', '0000-00-00 00:00:00', 0),
(163, 'Prak.Animasi3D-C1-KOMSI', 'Aktif', 23, 2, '2018-05-17 17:01:05', '0000-00-00 00:00:00', 0),
(164, 'Prak.Animasi3D-C2-KOMSI', 'Aktif', 23, 2, '2018-05-17 17:01:05', '0000-00-00 00:00:00', 0),
(165, 'Prak.Animasi3D-AA-KOMSI', 'Aktif', 23, 2, '2018-05-17 17:01:05', '0000-00-00 00:00:00', 0),
(166, 'Prak.ERP-AA-KOMSI', 'Aktif', 24, 2, '2018-05-17 17:01:05', '0000-00-00 00:00:00', 0),
(167, 'Prak.ERP-AB-KOMSI', 'Aktif', 24, 2, '2018-05-17 17:01:05', '0000-00-00 00:00:00', 0),
(168, 'Prak.ERP-BB-KOMSI', 'Aktif', 24, 2, '2018-05-17 17:01:05', '0000-00-00 00:00:00', 0),
(169, 'Prak.ERP-C1-KOMSI', 'Aktif', 24, 2, '2018-05-17 17:01:05', '0000-00-00 00:00:00', 0),
(170, 'Prak.ERP-C2-KOMSI', 'Aktif', 24, 2, '2018-05-17 17:01:05', '0000-00-00 00:00:00', 0),
(171, 'Prak.BasDat1-AA-KOMSI', 'Aktif', 25, 2, '2018-05-17 17:02:05', '0000-00-00 00:00:00', 0),
(172, 'Prak.BasDat1-AB-KOMSI', 'Aktif', 25, 2, '2018-05-17 17:02:05', '0000-00-00 00:00:00', 0),
(173, 'Prak.BasDat1-BB-KOMSI', 'Aktif', 25, 2, '2018-05-17 17:02:05', '0000-00-00 00:00:00', 0),
(174, 'Prak.BasDat1-C1-KOMSI', 'Aktif', 25, 2, '2018-05-17 17:02:05', '0000-00-00 00:00:00', 0),
(175, 'Prak.BasDat1-C2-KOMSI', 'Aktif', 25, 2, '2018-05-17 17:02:05', '0000-00-00 00:00:00', 0),
(176, 'Prak.KomNum-AA-KOMSI', 'Aktif', 26, 2, '2018-05-17 17:02:05', '0000-00-00 00:00:00', 0),
(177, 'Prak.KomNum-AB-KOMSI', 'Aktif', 26, 2, '2018-05-17 17:02:05', '0000-00-00 00:00:00', 0),
(178, 'Prak.KomNum-BB-KOMSI', 'Aktif', 26, 2, '2018-05-17 17:02:05', '0000-00-00 00:00:00', 0),
(179, 'Prak.KomNum-C1-KOMSI', 'Aktif', 26, 2, '2018-05-17 17:03:05', '0000-00-00 00:00:00', 0),
(180, 'Prak.KomNum-C2-KOMSI', 'Aktif', 26, 2, '2018-05-17 17:03:05', '0000-00-00 00:00:00', 0),
(181, 'Prak.SO-AA-KOMSI', 'Aktif', 27, 2, '2018-05-17 17:03:05', '0000-00-00 00:00:00', 0),
(182, 'Prak.SO-AB-KOMSI', 'Aktif', 27, 2, '2018-05-17 17:03:05', '0000-00-00 00:00:00', 0),
(183, 'Prak.SO-BB-KOMSI', 'Aktif', 27, 2, '2018-05-17 17:03:05', '0000-00-00 00:00:00', 0),
(184, 'Prak.SO-C1-KOMSI', 'Aktif', 27, 2, '2018-05-17 17:03:05', '0000-00-00 00:00:00', 0),
(185, 'Prak.SO-C2-KOMSI', 'Aktif', 27, 2, '2018-05-17 17:03:05', '0000-00-00 00:00:00', 0),
(186, 'Prak.SPD-AA-KOMSI', 'Aktif', 28, 2, '2018-05-17 17:03:05', '0000-00-00 00:00:00', 0),
(187, 'Prak.SPD-AB-KOMSI', 'Aktif', 28, 2, '2018-05-17 17:03:05', '0000-00-00 00:00:00', 0),
(188, 'Prak.SPD-BB-KOMSI', 'Aktif', 28, 2, '2018-05-17 17:03:05', '0000-00-00 00:00:00', 0),
(189, 'Prak.SPD-C1-KOMSI', 'Aktif', 28, 2, '2018-05-17 17:03:05', '0000-00-00 00:00:00', 0),
(190, 'Prak.SPD-C2-KOMSI', 'Aktif', 28, 2, '2018-05-17 17:04:05', '0000-00-00 00:00:00', 0),
(191, 'SI-A-KOMSI', 'Aktif', 29, 1, '2018-05-17 17:04:05', '0000-00-00 00:00:00', 0),
(192, 'SI-B-KOMSI', 'Aktif', 29, 1, '2018-05-17 17:04:05', '0000-00-00 00:00:00', 0),
(193, 'SI-C-KOMSI', 'Aktif', 29, 1, '2018-05-17 17:04:05', '0000-00-00 00:00:00', 0),
(194, 'SO-A-KOMSI', 'Aktif', 30, 1, '2018-05-17 17:04:05', '0000-00-00 00:00:00', 0),
(195, 'SO-B-KOMSI', 'Aktif', 30, 1, '2018-05-17 17:04:05', '0000-00-00 00:00:00', 0),
(196, 'SO-C-KOMSI', 'Aktif', 30, 1, '2018-05-17 17:04:05', '0000-00-00 00:00:00', 0),
(197, 'SPD-A-KOMSI', 'Aktif', 31, 1, '2018-05-17 17:04:05', '0000-00-00 00:00:00', 0),
(198, 'SPD-B-KOMSI', 'Aktif', 31, 1, '2018-05-17 17:04:05', '0000-00-00 00:00:00', 0),
(199, 'SPD-C-KOMSI', 'Aktif', 31, 1, '2018-05-17 17:05:05', '0000-00-00 00:00:00', 0);

-- --------------------------------------------------------

--
-- Table structure for table `kelas_dosen`
--

CREATE TABLE `kelas_dosen` (
  `id_dosenkelas` int(11) NOT NULL,
  `id_kelas` int(11) NOT NULL,
  `id_dosen` int(11) NOT NULL,
  `createDtm` datetime DEFAULT NULL,
  `updateDtm` timestamp NOT NULL DEFAULT '0000-00-00 00:00:00' ON UPDATE CURRENT_TIMESTAMP,
  `isDeleted` tinyint(4) NOT NULL DEFAULT '0'
) ENGINE=InnoDB DEFAULT CHARSET=latin1;

--
-- Dumping data for table `kelas_dosen`
--

INSERT INTO `kelas_dosen` (`id_dosenkelas`, `id_kelas`, `id_dosen`, `createDtm`, `updateDtm`, `isDeleted`) VALUES
(1, 1, 1, '2018-05-17 10:36:39', '0000-00-00 00:00:00', 0),
(2, 2, 2, '2018-05-17 10:37:39', '0000-00-00 00:00:00', 0),
(3, 3, 2, '2018-05-17 10:37:39', '0000-00-00 00:00:00', 0),
(4, 4, 3, '2018-05-17 10:37:39', '0000-00-00 00:00:00', 0),
(5, 5, 3, '2018-05-17 10:37:39', '0000-00-00 00:00:00', 0),
(6, 6, 4, '2018-05-17 10:37:39', '0000-00-00 00:00:00', 0),
(7, 7, 5, '2018-05-17 10:37:39', '0000-00-00 00:00:00', 0),
(8, 8, 5, '2018-05-17 10:37:39', '0000-00-00 00:00:00', 0),
(9, 9, 5, '2018-05-17 10:38:39', '0000-00-00 00:00:00', 0),
(10, 10, 6, '2018-05-17 10:38:39', '0000-00-00 00:00:00', 0),
(11, 11, 7, '2018-05-17 10:38:39', '0000-00-00 00:00:00', 0),
(12, 12, 7, '2018-05-17 10:38:39', '0000-00-00 00:00:00', 0),
(13, 13, 8, '2018-05-17 10:38:39', '0000-00-00 00:00:00', 0),
(14, 14, 9, '2018-05-17 10:38:39', '0000-00-00 00:00:00', 0),
(15, 15, 10, '2018-05-17 10:38:39', '0000-00-00 00:00:00', 0),
(16, 16, 11, '2018-05-17 10:38:39', '0000-00-00 00:00:00', 0),
(17, 17, 12, '2018-05-17 10:38:39', '0000-00-00 00:00:00', 0),
(18, 18, 12, '2018-05-17 10:39:39', '0000-00-00 00:00:00', 0),
(19, 19, 13, '2018-05-17 10:39:39', '0000-00-00 00:00:00', 0),
(20, 20, 6, '2018-05-17 10:39:39', '0000-00-00 00:00:00', 0),
(21, 21, 6, '2018-05-17 10:39:39', '0000-00-00 00:00:00', 0),
(22, 22, 6, '2018-05-17 10:39:39', '0000-00-00 00:00:00', 0),
(23, 23, 6, '2018-05-17 10:39:39', '0000-00-00 00:00:00', 0),
(24, 24, 14, '2018-05-17 10:39:39', '0000-00-00 00:00:00', 0),
(25, 25, 15, '2018-05-17 10:39:39', '0000-00-00 00:00:00', 0),
(26, 26, 15, '2018-05-17 10:39:39', '0000-00-00 00:00:00', 0),
(27, 27, 16, '2018-05-17 10:40:39', '0000-00-00 00:00:00', 0),
(28, 28, 16, '2018-05-17 10:40:39', '0000-00-00 00:00:00', 0),
(29, 29, 17, '2018-05-17 10:40:39', '0000-00-00 00:00:00', 0),
(30, 30, 17, '2018-05-17 10:40:39', '0000-00-00 00:00:00', 0),
(31, 31, 14, '2018-05-17 10:40:39', '0000-00-00 00:00:00', 0),
(32, 32, 12, '2018-05-17 10:40:39', '0000-00-00 00:00:00', 0),
(33, 33, 18, '2018-05-17 10:40:39', '0000-00-00 00:00:00', 0),
(34, 34, 12, '2018-05-17 10:41:39', '0000-00-00 00:00:00', 0),
(35, 35, 18, '2018-05-17 10:41:39', '0000-00-00 00:00:00', 0),
(36, 36, 12, '2018-05-17 10:41:39', '0000-00-00 00:00:00', 0),
(37, 37, 19, '2018-05-17 10:41:39', '0000-00-00 00:00:00', 0),
(38, 38, 20, '2018-05-17 10:41:39', '0000-00-00 00:00:00', 0),
(39, 39, 21, '2018-05-17 10:41:39', '0000-00-00 00:00:00', 0),
(40, 40, 19, '2018-05-17 10:41:39', '0000-00-00 00:00:00', 0),
(41, 41, 20, '2018-05-17 10:42:39', '0000-00-00 00:00:00', 0),
(42, 42, 22, '2018-05-17 10:42:39', '0000-00-00 00:00:00', 0),
(43, 43, 23, '2018-05-17 10:42:39', '0000-00-00 00:00:00', 0),
(44, 44, 22, '2018-05-17 10:42:39', '0000-00-00 00:00:00', 0),
(45, 45, 23, '2018-05-17 10:42:39', '0000-00-00 00:00:00', 0),
(46, 46, 24, '2018-05-17 10:42:39', '0000-00-00 00:00:00', 0),
(47, 47, 2, '2018-05-17 10:42:39', '0000-00-00 00:00:00', 0),
(48, 48, 25, '2018-05-17 10:42:39', '0000-00-00 00:00:00', 0),
(49, 49, 26, '2018-05-17 10:43:39', '0000-00-00 00:00:00', 0),
(50, 50, 27, '2018-05-17 10:43:39', '0000-00-00 00:00:00', 0),
(51, 51, 3, '2018-05-17 10:43:39', '0000-00-00 00:00:00', 0),
(52, 52, 29, '2018-05-17 10:43:39', '0000-00-00 00:00:00', 0),
(53, 53, 19, '2018-05-17 10:43:39', '0000-00-00 00:00:00', 0),
(54, 54, 19, '2018-05-17 10:43:39', '0000-00-00 00:00:00', 0),
(55, 55, 2, '2018-05-17 10:43:39', '0000-00-00 00:00:00', 0),
(56, 56, 30, '2018-05-17 10:43:39', '0000-00-00 00:00:00', 0),
(57, 57, 30, '2018-05-17 10:43:39', '0000-00-00 00:00:00', 0),
(58, 58, 11, '2018-05-17 10:44:39', '0000-00-00 00:00:00', 0),
(59, 59, 6, '2018-05-17 10:44:39', '0000-00-00 00:00:00', 0),
(60, 60, 31, '2018-05-17 10:44:39', '0000-00-00 00:00:00', 0),
(61, 61, 32, '2018-05-17 10:44:39', '0000-00-00 00:00:00', 0),
(62, 62, 32, '2018-05-17 10:44:39', '0000-00-00 00:00:00', 0),
(63, 63, 31, '2018-05-17 10:44:39', '0000-00-00 00:00:00', 0),
(64, 64, 31, '2018-05-17 10:44:39', '0000-00-00 00:00:00', 0),
(65, 65, 33, '2018-05-17 10:44:39', '0000-00-00 00:00:00', 0),
(66, 66, 33, '2018-05-17 10:45:39', '0000-00-00 00:00:00', 0),
(67, 67, 35, '2018-05-17 10:45:39', '0000-00-00 00:00:00', 0),
(68, 68, 34, '2018-05-17 10:45:39', '0000-00-00 00:00:00', 0),
(69, 69, 35, '2018-05-17 10:45:39', '0000-00-00 00:00:00', 0),
(70, 70, 11, '2018-05-17 10:45:39', '0000-00-00 00:00:00', 0),
(71, 71, 34, '2018-05-17 10:45:39', '0000-00-00 00:00:00', 0),
(72, 72, 11, '2018-05-17 10:45:39', '0000-00-00 00:00:00', 0),
(73, 73, 34, '2018-05-17 10:45:39', '0000-00-00 00:00:00', 0),
(74, 74, 11, '2018-05-17 10:45:39', '0000-00-00 00:00:00', 0),
(75, 75, 2, '2018-05-17 10:45:39', '0000-00-00 00:00:00', 0),
(76, 76, 36, '2018-05-17 10:46:39', '0000-00-00 00:00:00', 0),
(77, 77, 2, '2018-05-17 10:46:39', '0000-00-00 00:00:00', 0),
(78, 78, 36, '2018-05-17 10:46:39', '0000-00-00 00:00:00', 0),
(79, 79, 2, '2018-05-17 10:46:39', '0000-00-00 00:00:00', 0),
(80, 80, 34, '2018-05-17 10:46:39', '0000-00-00 00:00:00', 0),
(81, 81, 33, '2018-05-17 10:46:39', '0000-00-00 00:00:00', 0),
(82, 82, 34, '2018-05-17 10:46:39', '0000-00-00 00:00:00', 0),
(83, 83, 34, '2018-05-17 10:46:39', '0000-00-00 00:00:00', 0),
(84, 84, 32, '2018-05-17 10:46:39', '0000-00-00 00:00:00', 0),
(85, 85, 37, '2018-05-17 10:47:39', '0000-00-00 00:00:00', 0),
(86, 86, 38, '2018-05-17 10:47:39', '0000-00-00 00:00:00', 0),
(87, 87, 39, '2018-05-17 10:47:39', '0000-00-00 00:00:00', 0),
(88, 88, 39, '2018-05-17 10:47:39', '0000-00-00 00:00:00', 0),
(89, 89, 40, '2018-05-17 10:47:39', '0000-00-00 00:00:00', 0),
(90, 90, 16, '2018-05-17 10:47:39', '0000-00-00 00:00:00', 0),
(91, 91, 41, '2018-05-17 10:47:39', '0000-00-00 00:00:00', 0),
(92, 92, 16, '2018-05-17 10:47:39', '0000-00-00 00:00:00', 0),
(93, 93, 11, '2018-05-17 10:47:39', '0000-00-00 00:00:00', 0),
(94, 94, 11, '2018-05-17 10:48:39', '0000-00-00 00:00:00', 0),
(95, 95, 19, '2018-05-17 10:48:39', '0000-00-00 00:00:00', 0),
(96, 96, 42, '2018-05-17 10:48:39', '0000-00-00 00:00:00', 0),
(97, 97, 36, '2018-05-17 10:48:39', '0000-00-00 00:00:00', 0),
(98, 98, 36, '2018-05-17 10:48:39', '0000-00-00 00:00:00', 0),
(99, 99, 22, '2018-05-17 10:22:42', '0000-00-00 00:00:00', 0),
(100, 100, 23, '2018-05-17 10:22:42', '0000-00-00 00:00:00', 0),
(101, 101, 29, '2018-05-17 16:58:38', '0000-00-00 00:00:00', 0),
(102, 102, 1, '2018-05-17 17:54:04', '0000-00-00 00:00:00', 0),
(103, 103, 2, '2018-05-17 17:54:04', '0000-00-00 00:00:00', 0),
(104, 104, 2, '2018-05-17 17:54:04', '0000-00-00 00:00:00', 0),
(105, 105, 3, '2018-05-17 17:54:04', '0000-00-00 00:00:00', 0),
(106, 106, 3, '2018-05-17 17:54:04', '0000-00-00 00:00:00', 0),
(107, 107, 4, '2018-05-17 17:54:04', '0000-00-00 00:00:00', 0),
(108, 108, 5, '2018-05-17 17:54:04', '0000-00-00 00:00:00', 0),
(109, 109, 5, '2018-05-17 17:54:04', '0000-00-00 00:00:00', 0),
(110, 110, 5, '2018-05-17 17:55:04', '0000-00-00 00:00:00', 0),
(111, 111, 6, '2018-05-17 17:55:04', '0000-00-00 00:00:00', 0),
(112, 112, 7, '2018-05-17 17:55:04', '0000-00-00 00:00:00', 0),
(113, 113, 7, '2018-05-17 17:55:04', '0000-00-00 00:00:00', 0),
(114, 114, 8, '2018-05-17 17:55:04', '0000-00-00 00:00:00', 0),
(115, 115, 9, '2018-05-17 17:55:04', '0000-00-00 00:00:00', 0),
(116, 116, 10, '2018-05-17 17:55:04', '0000-00-00 00:00:00', 0),
(117, 117, 11, '2018-05-17 17:56:04', '0000-00-00 00:00:00', 0),
(118, 118, 12, '2018-05-17 17:56:04', '0000-00-00 00:00:00', 0),
(119, 119, 12, '2018-05-17 17:56:04', '0000-00-00 00:00:00', 0),
(120, 120, 13, '2018-05-17 17:56:04', '0000-00-00 00:00:00', 0),
(121, 121, 6, '2018-05-17 17:56:04', '0000-00-00 00:00:00', 0),
(122, 122, 6, '2018-05-17 17:56:04', '0000-00-00 00:00:00', 0),
(123, 123, 6, '2018-05-17 17:56:04', '0000-00-00 00:00:00', 0),
(124, 124, 6, '2018-05-17 17:56:04', '0000-00-00 00:00:00', 0),
(125, 125, 14, '2018-05-17 17:57:04', '0000-00-00 00:00:00', 0),
(126, 126, 15, '2018-05-17 17:57:04', '0000-00-00 00:00:00', 0),
(127, 127, 15, '2018-05-17 17:57:04', '0000-00-00 00:00:00', 0),
(128, 128, 16, '2018-05-17 17:57:04', '0000-00-00 00:00:00', 0),
(129, 129, 16, '2018-05-17 17:57:04', '0000-00-00 00:00:00', 0),
(130, 130, 17, '2018-05-17 17:57:04', '0000-00-00 00:00:00', 0),
(131, 131, 17, '2018-05-17 17:57:04', '0000-00-00 00:00:00', 0),
(132, 132, 14, '2018-05-17 17:57:04', '0000-00-00 00:00:00', 0),
(133, 133, 12, '2018-05-17 17:57:04', '0000-00-00 00:00:00', 0),
(134, 134, 18, '2018-05-17 17:58:04', '0000-00-00 00:00:00', 0),
(135, 135, 12, '2018-05-17 17:58:04', '0000-00-00 00:00:00', 0),
(136, 136, 18, '2018-05-17 17:58:04', '0000-00-00 00:00:00', 0),
(137, 137, 12, '2018-05-17 17:58:04', '0000-00-00 00:00:00', 0),
(138, 138, 19, '2018-05-17 17:58:04', '0000-00-00 00:00:00', 0),
(139, 139, 20, '2018-05-17 17:58:04', '0000-00-00 00:00:00', 0),
(140, 140, 21, '2018-05-17 17:58:04', '0000-00-00 00:00:00', 0),
(141, 141, 19, '2018-05-17 17:58:04', '0000-00-00 00:00:00', 0),
(142, 142, 20, '2018-05-17 17:58:04', '0000-00-00 00:00:00', 0),
(143, 143, 22, '2018-05-17 17:58:04', '0000-00-00 00:00:00', 0),
(144, 144, 23, '2018-05-17 17:59:04', '0000-00-00 00:00:00', 0),
(145, 145, 22, '2018-05-17 17:59:04', '0000-00-00 00:00:00', 0),
(146, 146, 23, '2018-05-17 17:59:04', '0000-00-00 00:00:00', 0),
(147, 147, 24, '2018-05-17 17:59:04', '0000-00-00 00:00:00', 0),
(148, 148, 2, '2018-05-17 17:59:04', '0000-00-00 00:00:00', 0),
(149, 149, 25, '2018-05-17 17:59:04', '0000-00-00 00:00:00', 0),
(150, 150, 26, '2018-05-17 17:59:04', '0000-00-00 00:00:00', 0),
(151, 151, 27, '2018-05-17 17:59:04', '0000-00-00 00:00:00', 0),
(152, 152, 3, '2018-05-17 17:59:04', '0000-00-00 00:00:00', 0),
(153, 153, 29, '2018-05-17 17:00:05', '0000-00-00 00:00:00', 0),
(154, 154, 19, '2018-05-17 17:00:05', '0000-00-00 00:00:00', 0),
(155, 155, 19, '2018-05-17 17:00:05', '0000-00-00 00:00:00', 0),
(156, 156, 2, '2018-05-17 17:00:05', '0000-00-00 00:00:00', 0),
(157, 157, 30, '2018-05-17 17:00:05', '0000-00-00 00:00:00', 0),
(158, 158, 30, '2018-05-17 17:00:05', '0000-00-00 00:00:00', 0),
(159, 159, 11, '2018-05-17 17:00:05', '0000-00-00 00:00:00', 0),
(160, 160, 6, '2018-05-17 17:00:05', '0000-00-00 00:00:00', 0),
(161, 161, 31, '2018-05-17 17:00:05', '0000-00-00 00:00:00', 0),
(162, 162, 32, '2018-05-17 17:00:05', '0000-00-00 00:00:00', 0),
(163, 163, 32, '2018-05-17 17:01:05', '0000-00-00 00:00:00', 0),
(164, 164, 31, '2018-05-17 17:01:05', '0000-00-00 00:00:00', 0),
(165, 165, 31, '2018-05-17 17:01:05', '0000-00-00 00:00:00', 0),
(166, 166, 33, '2018-05-17 17:01:05', '0000-00-00 00:00:00', 0),
(167, 167, 33, '2018-05-17 17:01:05', '0000-00-00 00:00:00', 0),
(168, 168, 35, '2018-05-17 17:01:05', '0000-00-00 00:00:00', 0),
(169, 169, 34, '2018-05-17 17:01:05', '0000-00-00 00:00:00', 0),
(170, 170, 35, '2018-05-17 17:02:05', '0000-00-00 00:00:00', 0),
(171, 171, 11, '2018-05-17 17:02:05', '0000-00-00 00:00:00', 0),
(172, 172, 34, '2018-05-17 17:02:05', '0000-00-00 00:00:00', 0),
(173, 173, 11, '2018-05-17 17:02:05', '0000-00-00 00:00:00', 0),
(174, 174, 34, '2018-05-17 17:02:05', '0000-00-00 00:00:00', 0),
(175, 175, 11, '2018-05-17 17:02:05', '0000-00-00 00:00:00', 0),
(176, 176, 2, '2018-05-17 17:02:05', '0000-00-00 00:00:00', 0),
(177, 177, 36, '2018-05-17 17:02:05', '0000-00-00 00:00:00', 0),
(178, 178, 2, '2018-05-17 17:03:05', '0000-00-00 00:00:00', 0),
(179, 179, 36, '2018-05-17 17:03:05', '0000-00-00 00:00:00', 0),
(180, 180, 2, '2018-05-17 17:03:05', '0000-00-00 00:00:00', 0),
(181, 181, 34, '2018-05-17 17:03:05', '0000-00-00 00:00:00', 0),
(182, 182, 33, '2018-05-17 17:03:05', '0000-00-00 00:00:00', 0),
(183, 183, 34, '2018-05-17 17:03:05', '0000-00-00 00:00:00', 0),
(184, 184, 34, '2018-05-17 17:03:05', '0000-00-00 00:00:00', 0),
(185, 185, 32, '2018-05-17 17:03:05', '0000-00-00 00:00:00', 0),
(186, 186, 37, '2018-05-17 17:03:05', '0000-00-00 00:00:00', 0),
(187, 187, 38, '2018-05-17 17:03:05', '0000-00-00 00:00:00', 0),
(188, 188, 39, '2018-05-17 17:03:05', '0000-00-00 00:00:00', 0),
(189, 189, 39, '2018-05-17 17:04:05', '0000-00-00 00:00:00', 0),
(190, 190, 40, '2018-05-17 17:04:05', '0000-00-00 00:00:00', 0),
(191, 191, 16, '2018-05-17 17:04:05', '0000-00-00 00:00:00', 0),
(192, 192, 41, '2018-05-17 17:04:05', '0000-00-00 00:00:00', 0),
(193, 193, 16, '2018-05-17 17:04:05', '0000-00-00 00:00:00', 0),
(194, 194, 11, '2018-05-17 17:04:05', '0000-00-00 00:00:00', 0),
(195, 195, 11, '2018-05-17 17:04:05', '0000-00-00 00:00:00', 0),
(196, 196, 19, '2018-05-17 17:04:05', '0000-00-00 00:00:00', 0),
(197, 197, 42, '2018-05-17 17:04:05', '0000-00-00 00:00:00', 0),
(198, 198, 36, '2018-05-17 17:05:05', '0000-00-00 00:00:00', 0),
(199, 199, 36, '2018-05-17 17:05:05', '0000-00-00 00:00:00', 0);

-- --------------------------------------------------------

--
-- Table structure for table `kelas_mahasiswa`
--

CREATE TABLE `kelas_mahasiswa` (
  `id_kelasmahasiswa` int(11) NOT NULL,
  `id_kelas` int(11) NOT NULL,
  `id_mahasiswa` int(11) NOT NULL,
  `status_km` enum('Aktif','Tidak Aktif','','') NOT NULL,
  `createDtm` datetime DEFAULT NULL,
  `updateDtm` timestamp NOT NULL DEFAULT '0000-00-00 00:00:00' ON UPDATE CURRENT_TIMESTAMP,
  `isDeleted` tinyint(4) NOT NULL DEFAULT '0'
) ENGINE=InnoDB DEFAULT CHARSET=latin1;

--
-- Dumping data for table `kelas_mahasiswa`
--

INSERT INTO `kelas_mahasiswa` (`id_kelasmahasiswa`, `id_kelas`, `id_mahasiswa`, `status_km`, `createDtm`, `updateDtm`, `isDeleted`) VALUES
(1, 54, 1, 'Aktif', '2018-05-17 11:18:12', '0000-00-00 00:00:00', 0),
(2, 54, 2, 'Aktif', '2018-05-17 11:18:12', '0000-00-00 00:00:00', 0),
(3, 54, 3, 'Aktif', '2018-05-17 11:18:12', '0000-00-00 00:00:00', 0),
(4, 54, 4, 'Aktif', '2018-05-17 11:18:12', '0000-00-00 00:00:00', 0),
(5, 54, 5, 'Aktif', '2018-05-17 11:03:14', '0000-00-00 00:00:00', 0),
(6, 54, 6, 'Aktif', '2018-05-17 11:04:14', '0000-00-00 00:00:00', 0),
(7, 54, 7, 'Aktif', '2018-05-17 11:04:14', '0000-00-00 00:00:00', 0),
(8, 54, 8, 'Aktif', '2018-05-17 11:04:14', '0000-00-00 00:00:00', 0),
(9, 54, 9, 'Aktif', '2018-05-17 11:04:14', '0000-00-00 00:00:00', 0),
(10, 101, 5, 'Tidak Aktif', '2018-05-18 09:45:35', '2018-05-18 02:35:56', 0);

-- --------------------------------------------------------

--
-- Table structure for table `mahasiswa`
--

CREATE TABLE `mahasiswa` (
  `id_mahasiswa` int(11) NOT NULL,
  `nim` varchar(20) NOT NULL,
  `nama_mahasiswa` varchar(35) NOT NULL,
  `jk_mahasiswa` enum('Laki - Laki','Perempuan','','') NOT NULL,
  `angkatan_mahasiswa` int(11) NOT NULL,
  `createDtm` datetime DEFAULT NULL,
  `updateDtm` timestamp NOT NULL DEFAULT '0000-00-00 00:00:00' ON UPDATE CURRENT_TIMESTAMP,
  `isDeleted` tinyint(4) NOT NULL DEFAULT '0'
) ENGINE=InnoDB DEFAULT CHARSET=latin1;

--
-- Dumping data for table `mahasiswa`
--

INSERT INTO `mahasiswa` (`id_mahasiswa`, `nim`, `nama_mahasiswa`, `jk_mahasiswa`, `angkatan_mahasiswa`, `createDtm`, `updateDtm`, `isDeleted`) VALUES
(1, '16/396283/SV/10496', 'Lutfhi Areta A', 'Laki - Laki', 2016, '2018-05-17 10:34:53', '0000-00-00 00:00:00', 0),
(2, '16/396289/SV/10502', 'Mutiara Windi P', 'Perempuan', 2016, '2018-05-17 10:34:53', '0000-00-00 00:00:00', 0),
(3, '16/396295/SV/10508', 'Rosalina Wahyuningsih', 'Perempuan', 2016, '2018-05-17 10:34:53', '0000-00-00 00:00:00', 0),
(4, '16/396301/SV/10514', 'Ulfa Intania Ramadhani', 'Perempuan', 2016, '2018-05-17 10:34:53', '0000-00-00 00:00:00', 0),
(5, '16/401001/SV/11505', 'Adel Prayeka R', 'Laki - Laki', 2016, '2018-05-17 10:34:53', '0000-00-00 00:00:00', 0),
(6, '16/401013/SV/11517', 'Azizah Nur H', 'Perempuan', 2016, '2018-05-17 10:34:53', '0000-00-00 00:00:00', 0),
(7, '16/401019/SV/11523', 'Defvia Purnama Sari', 'Perempuan', 2016, '2018-05-17 10:34:53', '0000-00-00 00:00:00', 0),
(8, '16/401025/SV/11529', 'Fuad Fikri S', 'Laki - Laki', 2016, NULL, '0000-00-00 00:00:00', 0),
(9, '16/401031/SV/11535', 'Hendarto Kurniawan', 'Laki - Laki', 2016, NULL, '0000-00-00 00:00:00', 0);

-- --------------------------------------------------------

--
-- Table structure for table `mata_kuliah`
--

CREATE TABLE `mata_kuliah` (
  `id_mk` int(11) NOT NULL,
  `kode_MK` varchar(10) NOT NULL,
  `nama_MK` varchar(50) NOT NULL,
  `sks_MK` int(11) NOT NULL,
  `kategori` enum('Teori','Praktikum','','') NOT NULL,
  `batas_pertemuan` int(11) NOT NULL,
  `createDtm` datetime DEFAULT NULL,
  `updateDtm` timestamp NOT NULL DEFAULT '0000-00-00 00:00:00' ON UPDATE CURRENT_TIMESTAMP,
  `isDeleted` tinyint(4) NOT NULL DEFAULT '0'
) ENGINE=InnoDB DEFAULT CHARSET=latin1;

--
-- Dumping data for table `mata_kuliah`
--

INSERT INTO `mata_kuliah` (`id_mk`, `kode_MK`, `nama_MK`, `sks_MK`, `kategori`, `batas_pertemuan`, `createDtm`, `updateDtm`, `isDeleted`) VALUES
(1, 'VMK 1206', 'Algoritma dan Struktur Data 2', 2, 'Teori', 12, '2018-05-17 10:57:35', '0000-00-00 00:00:00', 0),
(2, 'VMK 1504', 'Aljabar Vektor dan Matriks', 2, 'Teori', 12, '2018-05-17 10:57:35', '0000-00-00 00:00:00', 0),
(3, 'VMK 2219', 'Animasi dan Grafik Tiga Dimensi', 2, 'Teori', 12, '2018-05-17 10:57:35', '0000-00-00 00:00:00', 0),
(4, 'VMK 2213', 'Aplikasi Enterprise', 2, 'Teori', 12, '2018-05-17 10:58:35', '0000-00-00 00:00:00', 0),
(5, 'VMK 1503', 'Bahasa Inggris II', 2, 'Teori', 12, '2018-05-17 10:58:35', '0000-00-00 00:00:00', 0),
(6, 'VMU 1203', 'Basis Data 1', 2, 'Teori', 12, '2018-05-17 10:58:35', '0000-00-00 00:00:00', 0),
(7, 'VMK 2217', 'Jaringan Komputer Lanjut', 2, 'Teori', 12, '2018-05-17 10:58:35', '0000-00-00 00:00:00', 0),
(8, 'VMK 1207', 'KL Jaringan Komputer 1', 2, 'Praktikum', 24, '2018-05-17 10:58:35', '0000-00-00 00:00:00', 0),
(9, 'VMK 2215', 'KL Jaringan Komputer 2', 2, 'Praktikum', 24, '2018-05-17 10:58:35', '0000-00-00 00:00:00', 0),
(10, 'VMK 2216', 'KL Pemrograman Aplikasi Perangkat Bergerak', 2, 'Praktikum', 24, '2018-05-17 10:58:35', '0000-00-00 00:00:00', 0),
(11, 'VMK 2211', 'KL Pemrograman Visual', 2, 'Praktikum', 24, '2018-05-17 10:58:35', '0000-00-00 00:00:00', 0),
(12, 'VMK 2220', 'KL Perancangan Antarmuka Pengguna', 1, 'Praktikum', 12, '2018-05-17 10:58:35', '0000-00-00 00:00:00', 0),
(13, 'VMK 2218', 'Komputasi Numerik', 2, 'Teori', 12, '2018-05-17 10:58:35', '0000-00-00 00:00:00', 0),
(14, 'VMK 1505', 'Matematika Diskrit 2', 2, 'Teori', 12, '2018-05-17 10:58:35', '0000-00-00 00:00:00', 0),
(15, 'SVU 1005', 'Pendidikan Agama Budha', 2, 'Teori', 12, '2018-05-17 10:58:35', '0000-00-00 00:00:00', 0),
(16, 'SVU 1004', 'Pendidikan Agama Hindu', 2, 'Teori', 12, '2018-05-17 10:58:35', '0000-00-00 00:00:00', 0),
(17, 'SVU 1001', 'Pendidikan Agama ISlam', 2, 'Teori', 12, '2018-05-17 10:58:35', '0000-00-00 00:00:00', 0),
(18, 'SVU 1003', 'Pendidikan Agama Katolik', 2, 'Teori', 12, '2018-05-17 10:58:35', '0000-00-00 00:00:00', 0),
(19, 'SVU 1006', 'Pendidikan Agama Konghuchu', 2, 'Teori', 12, '2018-05-17 10:58:35', '0000-00-00 00:00:00', 0),
(20, 'SVU 1002', 'Pendidikan Agama Kristen', 2, 'Teori', 12, '2018-05-17 10:58:35', '0000-00-00 00:00:00', 0),
(21, 'VMK 2221', 'Praktek Kerja Lapangan', 2, '', 12, '2018-05-17 10:58:35', '0000-00-00 00:00:00', 0),
(22, 'VMK 1256', 'Praktikum Algoritma dan Struktur Data 2', 2, 'Praktikum', 24, '2018-05-17 10:58:35', '0000-00-00 00:00:00', 0),
(23, 'VMK 2269', 'Praktikum Animasi dan Grafik Tiga Dimensi', 1, 'Praktikum', 12, '2018-05-17 10:59:35', '0000-00-00 00:00:00', 0),
(24, 'VMK 2263', 'Praktikum Aplikasi Enterprise', 2, 'Praktikum', 24, '2018-05-17 10:59:35', '0000-00-00 00:00:00', 0),
(25, 'VMU 1253', 'Praktikum Basis Data 1', 1, 'Praktikum', 12, '2018-05-17 10:59:35', '0000-00-00 00:00:00', 0),
(26, 'VMK 2268', 'Praktikum Komputasi Numerik', 1, 'Praktikum', 12, '2018-05-17 10:59:35', '0000-00-00 00:00:00', 0),
(27, 'VMK 1255', 'Praktikum Sistem Operasi', 1, 'Praktikum', 12, '2018-05-17 10:59:35', '0000-00-00 00:00:00', 0),
(28, 'VMK 1556', 'Praktikum Statistika dan Penyajian Data', 1, 'Praktikum', 12, '2018-05-17 10:59:35', '0000-00-00 00:00:00', 0),
(29, 'VMK 2214', 'Sistem Informasi', 2, 'Teori', 12, '2018-05-17 10:59:35', '0000-00-00 00:00:00', 0),
(30, 'VMK 1205', 'Sistem Operasi', 2, 'Teori', 12, '2018-05-17 10:59:35', '0000-00-00 00:00:00', 0),
(31, 'VMK 1506', 'Statistika dan Penyajian Data', 2, 'Teori', 12, '2018-05-17 10:59:35', '0000-00-00 00:00:00', 0),
(32, 'VMK 3513', 'Tugas Akhir', 4, '', 0, '2018-05-17 10:59:35', '0000-00-00 00:00:00', 0);

-- --------------------------------------------------------

--
-- Table structure for table `pengganti`
--

CREATE TABLE `pengganti` (
  `id_pengganti` int(11) NOT NULL,
  `id_kelas` int(11) NOT NULL,
  `id_ruang` int(11) NOT NULL,
  `id_pertemuan` int(11) DEFAULT NULL,
  `jam` varchar(20) NOT NULL,
  `tgl_absen` date NOT NULL,
  `tgl_hadir` date NOT NULL,
  `keterangan` varchar(30) NOT NULL,
  `createDtm` datetime DEFAULT NULL,
  `updateDtm` timestamp NOT NULL DEFAULT '0000-00-00 00:00:00' ON UPDATE CURRENT_TIMESTAMP,
  `isDeleted` tinyint(4) NOT NULL DEFAULT '0'
) ENGINE=InnoDB DEFAULT CHARSET=latin1;

--
-- Dumping data for table `pengganti`
--

INSERT INTO `pengganti` (`id_pengganti`, `id_kelas`, `id_ruang`, `id_pertemuan`, `jam`, `tgl_absen`, `tgl_hadir`, `keterangan`, `createDtm`, `updateDtm`, `isDeleted`) VALUES
(1, 53, 3, NULL, '16:00-17:40', '2018-05-16', '2018-05-21', 'bb', '2018-05-19 05:31:33', '0000-00-00 00:00:00', 0),
(2, 53, 3, NULL, '12:00-13:40', '2018-05-09', '2018-05-31', 'bbb', '2018-05-19 05:24:38', '0000-00-00 00:00:00', 0),
(3, 41, 4, 28, '12:00-13:40', '2018-05-10', '2018-05-19', 'bb', '2018-05-19 07:14:58', '0000-00-00 00:00:00', 0),
(4, 53, 3, NULL, '16:00-17:40', '2018-05-02', '2018-05-22', 'hjjhj', '2018-05-19 11:33:04', '0000-00-00 00:00:00', 0),
(5, 16, 6, NULL, '09:00-10:40', '2018-05-16', '2018-05-29', 'bb', '2018-05-19 11:58:42', '0000-00-00 00:00:00', 0),
(6, 3, 4, NULL, '16:00-17:40', '2018-03-22', '2018-05-28', 'nn', '2018-05-19 12:57:33', '0000-00-00 00:00:00', 0);

-- --------------------------------------------------------

--
-- Table structure for table `pertemuan`
--

CREATE TABLE `pertemuan` (
  `id_pertemuan` int(11) NOT NULL,
  `id_kelas` int(11) NOT NULL,
  `jam_pertemuan` time NOT NULL,
  `tgl_pertemuan` date NOT NULL,
  `sesi` varchar(20) NOT NULL,
  `status_pertemuan` enum('Hadir','Tidak Hadir','','') NOT NULL,
  `keterangan` varchar(30) DEFAULT NULL,
  `createDtm` datetime DEFAULT NULL,
  `updateDtm` timestamp NOT NULL DEFAULT '0000-00-00 00:00:00' ON UPDATE CURRENT_TIMESTAMP,
  `isDeleted` tinyint(4) NOT NULL DEFAULT '0'
) ENGINE=InnoDB DEFAULT CHARSET=latin1;

--
-- Dumping data for table `pertemuan`
--

INSERT INTO `pertemuan` (`id_pertemuan`, `id_kelas`, `jam_pertemuan`, `tgl_pertemuan`, `sesi`, `status_pertemuan`, `keterangan`, `createDtm`, `updateDtm`, `isDeleted`) VALUES
(1, 4, '11:16:04', '2018-05-17', '07:00-08:40', 'Hadir', NULL, '2018-05-17 11:04:16', '0000-00-00 00:00:00', 0),
(2, 9, '11:16:06', '2018-05-17', '09:00-10:40', 'Hadir', NULL, '2018-05-17 11:06:16', '0000-00-00 00:00:00', 0),
(3, 92, '11:16:07', '2018-05-17', '12:00-13:40', 'Hadir', NULL, '2018-05-17 11:07:16', '0000-00-00 00:00:00', 0),
(4, 19, '11:16:08', '2018-05-17', '14:00-15:40', 'Hadir', NULL, '2018-05-17 11:08:16', '0000-00-00 00:00:00', 0),
(5, 17, '11:16:13', '2018-05-17', '07:00-08:40', 'Hadir', NULL, '2018-05-17 11:13:16', '0000-00-00 00:00:00', 0),
(6, 3, '11:16:14', '2018-05-17', '09:00-10:40', 'Hadir', NULL, '2018-05-17 11:14:16', '0000-00-00 00:00:00', 0),
(7, 20, '11:16:16', '2018-05-17', '14:00-15:40', 'Hadir', NULL, '2018-05-17 11:16:16', '0000-00-00 00:00:00', 0),
(8, 50, '11:16:18', '2018-05-17', '14:00-15:40', 'Hadir', NULL, '2018-05-17 11:18:16', '0000-00-00 00:00:00', 0),
(9, 31, '11:16:22', '2018-05-17', '14:00-15:40', 'Hadir', NULL, '2018-05-17 11:22:16', '0000-00-00 00:00:00', 0),
(10, 27, '11:16:26', '2018-05-17', '09:00-10:40', 'Hadir', NULL, '2018-05-17 11:26:16', '0000-00-00 00:00:00', 0),
(11, 39, '11:16:29', '2018-05-17', '07:00-08:40', 'Hadir', NULL, '2018-05-17 11:29:16', '0000-00-00 00:00:00', 0),
(12, 23, '11:16:32', '2018-05-17', '09:00-10:40', 'Hadir', NULL, '2018-05-17 11:32:16', '0000-00-00 00:00:00', 0),
(13, 86, '11:16:35', '2018-05-17', '12:00-13:40', 'Hadir', NULL, '2018-05-17 11:35:16', '0000-00-00 00:00:00', 0),
(14, 35, '11:16:39', '2018-05-17', '07:00-08:40', 'Hadir', NULL, '2018-05-17 11:39:16', '0000-00-00 00:00:00', 0),
(15, 34, '11:16:42', '2018-05-17', '09:00-10:40', 'Hadir', NULL, '2018-05-17 11:42:16', '0000-00-00 00:00:00', 0),
(16, 32, '11:18:57', '2018-05-17', '12:00-13:40', 'Hadir', NULL, '2018-05-17 11:57:18', '0000-00-00 00:00:00', 0),
(17, 62, '11:18:59', '2018-05-17', '14:00-15:40', 'Hadir', NULL, '2018-05-17 11:59:18', '0000-00-00 00:00:00', 0),
(18, 24, '11:19:07', '2018-05-17', '09:00-10:40', 'Tidak Hadir', 'sakit', '2018-05-17 11:07:19', '0000-00-00 00:00:00', 0),
(19, 74, '11:19:19', '2018-05-17', '12:00-13:40', 'Tidak Hadir', 'nguji pendadaran', '2018-05-17 11:19:19', '0000-00-00 00:00:00', 0),
(20, 25, '11:19:21', '2018-05-17', '14:00-15:40', 'Hadir', NULL, '2018-05-17 11:21:19', '0000-00-00 00:00:00', 0),
(21, 66, '11:19:24', '2018-05-17', '07:00-08:40', 'Hadir', NULL, '2018-05-17 11:24:19', '0000-00-00 00:00:00', 0),
(22, 80, '11:19:27', '2018-05-17', '09:00-10:40', 'Hadir', NULL, '2018-05-17 11:27:19', '0000-00-00 00:00:00', 0),
(23, 38, '11:19:30', '2018-05-17', '12:00-13:40', 'Hadir', NULL, '2018-05-17 11:30:19', '0000-00-00 00:00:00', 0),
(24, 44, '11:19:32', '2018-05-17', '12:00-13:40', 'Hadir', NULL, '2018-05-17 11:32:19', '0000-00-00 00:00:00', 0),
(25, 4, '11:20:10', '2018-05-10', '07:00-08:40', 'Hadir', NULL, '2018-05-17 11:10:20', '0000-00-00 00:00:00', 0),
(26, 26, '11:24:08', '2018-05-10', '07:00-08:40', 'Tidak Hadir', 'ke 121', '2018-05-17 11:08:24', '0000-00-00 00:00:00', 0),
(27, 41, '11:24:20', '2018-05-17', '07:00-08:40', 'Tidak Hadir', 'sakit', '2018-05-17 11:20:24', '0000-00-00 00:00:00', 0),
(28, 41, '11:24:37', '2018-05-10', '07:00-08:40', 'Tidak Hadir', 'sakit\r\n', '2018-05-17 11:37:24', '0000-00-00 00:00:00', 0),
(29, 9, '11:24:49', '2018-05-10', '09:00-10:40', 'Hadir', NULL, '2018-05-17 11:49:24', '0000-00-00 00:00:00', 0),
(30, 92, '11:24:55', '2018-05-10', '12:00-13:40', 'Hadir', NULL, '2018-05-17 11:55:24', '0000-00-00 00:00:00', 0),
(31, 19, '11:25:03', '2018-05-10', '14:00-15:40', 'Hadir', NULL, '2018-05-17 11:03:25', '0000-00-00 00:00:00', 0),
(32, 17, '11:25:22', '2018-05-10', '07:00-08:40', 'Hadir', NULL, '2018-05-17 11:22:25', '0000-00-00 00:00:00', 0),
(33, 3, '11:25:30', '2018-05-10', '09:00-10:40', 'Hadir', NULL, '2018-05-17 11:30:25', '0000-00-00 00:00:00', 0),
(34, 26, '12:27:35', '2018-05-17', '07:00-08:40', 'Hadir', NULL, '2018-05-17 12:35:27', '0000-00-00 00:00:00', 0),
(35, 26, '12:28:27', '2018-05-17', '09:00-10:40', 'Tidak Hadir', 'pergi', '2018-05-17 12:27:28', '0000-00-00 00:00:00', 0),
(36, 26, '12:38:37', '2018-05-08', '07:00-08:40', 'Tidak Hadir', 'h', '2018-05-17 12:37:38', '0000-00-00 00:00:00', 0),
(37, 41, '07:59:12', '2018-05-19', '12:00-13:40', 'Hadir', NULL, '2018-05-19 07:12:59', '0000-00-00 00:00:00', 0);

-- --------------------------------------------------------

--
-- Table structure for table `ruang`
--

CREATE TABLE `ruang` (
  `id_ruang` int(11) NOT NULL,
  `nama_ruang` varchar(25) NOT NULL,
  `jenis_ruang` varchar(50) NOT NULL,
  `kapasitas` int(11) NOT NULL,
  `createDtm` datetime DEFAULT NULL,
  `updateDtm` timestamp NOT NULL DEFAULT '0000-00-00 00:00:00' ON UPDATE CURRENT_TIMESTAMP,
  `isDeleted` tinyint(4) NOT NULL DEFAULT '0'
) ENGINE=InnoDB DEFAULT CHARSET=latin1;

--
-- Dumping data for table `ruang`
--

INSERT INTO `ruang` (`id_ruang`, `nama_ruang`, `jenis_ruang`, `kapasitas`, `createDtm`, `updateDtm`, `isDeleted`) VALUES
(1, 'HY U-123', 'Teori', 41, '2018-05-17 10:38:33', '2018-05-18 03:45:54', 0),
(2, 'Ruang U2.02', 'Teori', 40, '2018-05-17 10:38:33', '0000-00-00 00:00:00', 0),
(3, 'Ruang U2.04', 'Teori', 40, '2018-05-17 10:38:33', '0000-00-00 00:00:00', 0),
(4, 'Lab Komputer 1', 'Praktikum', 28, '2018-05-17 10:38:33', '0000-00-00 00:00:00', 0),
(5, 'Lab Komputer 2', 'Praktikum', 28, '2018-05-17 10:38:33', '0000-00-00 00:00:00', 0),
(6, 'Lab Komputer 3', 'Praktikum', 28, '2018-05-17 10:38:33', '0000-00-00 00:00:00', 0),
(7, 'Lab Komputer 4', 'Praktikum', 28, '2018-05-17 10:38:33', '0000-00-00 00:00:00', 0),
(8, 'Lab Komputer 5', 'Praktikum', 28, '2018-05-17 10:38:33', '0000-00-00 00:00:00', 0),
(9, 'Lab Komputer 6', 'Praktikum', 28, '2018-05-17 10:38:33', '0000-00-00 00:00:00', 0),
(10, 'Lab Komputer 7', 'Praktikum', 28, '2018-05-17 10:38:33', '0000-00-00 00:00:00', 0);

-- --------------------------------------------------------

--
-- Table structure for table `tahun_ajaran`
--

CREATE TABLE `tahun_ajaran` (
  `id_ta` int(11) NOT NULL,
  `nama_ta` varchar(35) NOT NULL,
  `tgl_mulai` date NOT NULL,
  `tgl_terakhir` date NOT NULL,
  `tgl_mulai_uts` date NOT NULL,
  `tgl_terakhir_uts` date NOT NULL,
  `tgl_mulai_responsi` date NOT NULL,
  `tgl_terakhir_responsi` date NOT NULL,
  `tgl_mulai_minggutenang` date NOT NULL,
  `tgl_terakhir_minggutenang` date NOT NULL,
  `tgl_mulai_uas` date NOT NULL,
  `tgl_terakhir_uas` date NOT NULL,
  `status_ta` enum('Aktif','Tidak Aktif','','') NOT NULL DEFAULT 'Aktif',
  `createDtm` datetime DEFAULT NULL,
  `updateDtm` timestamp NOT NULL DEFAULT '0000-00-00 00:00:00' ON UPDATE CURRENT_TIMESTAMP,
  `isDeleted` tinyint(4) NOT NULL DEFAULT '0'
) ENGINE=InnoDB DEFAULT CHARSET=latin1;

--
-- Dumping data for table `tahun_ajaran`
--

INSERT INTO `tahun_ajaran` (`id_ta`, `nama_ta`, `tgl_mulai`, `tgl_terakhir`, `tgl_mulai_uts`, `tgl_terakhir_uts`, `tgl_mulai_responsi`, `tgl_terakhir_responsi`, `tgl_mulai_minggutenang`, `tgl_terakhir_minggutenang`, `tgl_mulai_uas`, `tgl_terakhir_uas`, `status_ta`, `createDtm`, `updateDtm`, `isDeleted`) VALUES
(1, 'Genap 2017/2018', '2018-01-31', '2018-06-30', '2018-05-18', '2018-05-19', '2018-05-21', '2018-05-26', '2018-05-27', '2018-05-29', '2018-05-30', '2018-06-09', 'Aktif', '2018-05-17 10:45:22', '2018-05-19 04:02:36', 0),
(2, 'Ganjiln 2018/2019', '2018-05-15', '2018-05-30', '2018-05-16', '2018-05-16', '2018-05-21', '2018-04-21', '2018-05-13', '2018-05-23', '2018-05-26', '2018-05-27', 'Tidak Aktif', '2018-05-17 16:07:23', '2018-05-18 21:07:43', 0),
(3, 'Ganjil 2019/2020', '2018-04-30', '2018-05-25', '2018-05-07', '2018-05-21', '2018-04-30', '2018-05-23', '2018-04-29', '2018-05-15', '2018-04-30', '2018-05-08', 'Tidak Aktif', '2018-05-17 23:36:12', '2018-05-18 21:07:43', 0),
(4, 'Ganjil 2020/2021', '2018-04-30', '2018-05-07', '2018-05-15', '2018-05-27', '2018-05-15', '2018-05-16', '2018-05-02', '2018-05-21', '2018-05-22', '2018-05-08', 'Tidak Aktif', '2018-05-18 10:45:40', '2018-05-18 21:07:43', 0),
(5, 'JJ', '2018-05-01', '2018-05-01', '2018-05-16', '2018-05-01', '2018-05-16', '2018-05-15', '2018-05-07', '2018-05-18', '2018-05-08', '2018-05-09', 'Tidak Aktif', '2018-05-19 04:03:43', '2018-05-18 21:07:43', 0);

-- --------------------------------------------------------

--
-- Table structure for table `user`
--

CREATE TABLE `user` (
  `id_user` int(11) NOT NULL,
  `username` varchar(25) NOT NULL,
  `password` varchar(255) NOT NULL,
  `nama` varchar(30) NOT NULL,
  `id_userrole` int(11) NOT NULL,
  `createDtm` datetime DEFAULT NULL,
  `updateDtm` timestamp NOT NULL DEFAULT '0000-00-00 00:00:00' ON UPDATE CURRENT_TIMESTAMP,
  `isDeleted` tinyint(4) NOT NULL DEFAULT '0'
) ENGINE=InnoDB DEFAULT CHARSET=latin1;

--
-- Dumping data for table `user`
--

INSERT INTO `user` (`id_user`, `username`, `password`, `nama`, `id_userrole`, `createDtm`, `updateDtm`, `isDeleted`) VALUES
(1, 'akademik', '0b5652714faf87700d60a912f753cc55', 'Anang', 1, '2018-05-17 10:54:23', '0000-00-00 00:00:00', 0),
(2, '98709865', 'ce28eed1511f631af6b2a7bb0a85d636', 'Wahyono, S.Kom., Ph.D', 2, '2018-05-17 10:44:29', '0000-00-00 00:00:00', 0),
(3, '45673211', 'ce28eed1511f631af6b2a7bb0a85d636', 'MUH. FAKHRURRIFQI, M.Cs.', 2, '2018-05-17 10:45:29', '0000-00-00 00:00:00', 0),
(4, '98765400', 'ce28eed1511f631af6b2a7bb0a85d636', 'ANIFUDDIN AZIS, S.Si., M.Kom.', 2, '2018-05-17 10:45:29', '0000-00-00 00:00:00', 0),
(5, '67543299', 'ce28eed1511f631af6b2a7bb0a85d636', 'MOH. EDI WIBOWO, S.Kom., M.Kom', 2, '2018-05-17 10:45:29', '0000-00-00 00:00:00', 0),
(6, '65789755', 'ce28eed1511f631af6b2a7bb0a85d636', 'Yusron Fuadi, S.Sn., M.Sn.', 2, '2018-05-17 10:45:29', '0000-00-00 00:00:00', 0),
(7, '45337921', 'ce28eed1511f631af6b2a7bb0a85d636', 'Endro Purnomo, M.Cs', 2, '2018-05-17 10:45:29', '0000-00-00 00:00:00', 0),
(8, '89065311', 'ce28eed1511f631af6b2a7bb0a85d636', 'Fitriansyah, S.Si., M.eng', 2, '2018-05-17 10:45:29', '0000-00-00 00:00:00', 0),
(9, '12983099', 'ce28eed1511f631af6b2a7bb0a85d636', 'NABILLA KUSUMA VARDHANI, SIP, ', 2, '2018-05-17 10:45:29', '0000-00-00 00:00:00', 0),
(10, '23498654', 'ce28eed1511f631af6b2a7bb0a85d636', 'Cisya Dewantara Nugraha, M.A', 2, '2018-05-17 10:46:29', '0000-00-00 00:00:00', 0),
(11, '23906733', 'ce28eed1511f631af6b2a7bb0a85d636', 'Yohana Ika, M.Hum.', 2, '2018-05-17 10:46:29', '0000-00-00 00:00:00', 0),
(12, '87609811', 'ce28eed1511f631af6b2a7bb0a85d636', 'Firma Syahrian, M.Cs.', 2, '2018-05-17 10:46:29', '0000-00-00 00:00:00', 0),
(13, '21290087', 'ce28eed1511f631af6b2a7bb0a85d636', 'Irkham Huda, M.Cs.', 2, '2018-05-17 10:46:29', '0000-00-00 00:00:00', 0),
(14, '12187433', 'ce28eed1511f631af6b2a7bb0a85d636', 'Nur Rohman Rosyid, S.T., M.T.,', 2, '2018-05-17 10:46:29', '0000-00-00 00:00:00', 0),
(15, '23198534', 'ce28eed1511f631af6b2a7bb0a85d636', 'Ardhi Wicaksono Santoso, M.Sc.', 2, '2018-05-17 10:46:29', '0000-00-00 00:00:00', 0),
(16, '21309733', 'ce28eed1511f631af6b2a7bb0a85d636', 'Al Zaisar Trimulyo, S.Kom.', 2, '2018-05-17 10:46:29', '0000-00-00 00:00:00', 0),
(17, '98760055', 'ce28eed1511f631af6b2a7bb0a85d636', 'ANINDITA SURYARASMI, M.Cs.', 2, '2018-05-17 10:46:29', '0000-00-00 00:00:00', 0),
(18, '20969744', 'ce28eed1511f631af6b2a7bb0a85d636', 'Prihadi Yogaswara, S.T., M.Eng', 2, '2018-05-17 10:46:29', '0000-00-00 00:00:00', 0),
(19, '67892213', 'ce28eed1511f631af6b2a7bb0a85d636', 'Rifauddin Tsalisi, S.Kom', 2, '2018-05-17 10:46:29', '0000-00-00 00:00:00', 0),
(20, '17821208', 'ce28eed1511f631af6b2a7bb0a85d636', 'Imam Fahrurrozi, M.Cs', 2, '2018-05-17 10:46:29', '0000-00-00 00:00:00', 0),
(21, '23312899', 'fd09d4a2cd9f4bc51082ea0143c96c28', 'Ratri Abdatush Sholihah, S.Kom', 2, '2018-05-17 10:47:29', '2018-05-17 05:17:45', 0),
(22, '32376543', 'ce28eed1511f631af6b2a7bb0a85d636', 'Adventus Ridwan, S.Kom', 2, '2018-05-17 10:47:29', '0000-00-00 00:00:00', 0),
(23, '23210965', 'ce28eed1511f631af6b2a7bb0a85d636', 'Hijriyani Nugroho D.S., S.Kom.', 2, '2018-05-17 10:47:29', '0000-00-00 00:00:00', 0),
(24, '78965433', 'ce28eed1511f631af6b2a7bb0a85d636', 'Fani Agustin, S.Kom.', 2, '2018-05-17 10:47:29', '0000-00-00 00:00:00', 0),
(25, '65712976', 'ce28eed1511f631af6b2a7bb0a85d636', 'NUR ROKHMAN, S.Si., M.Kom.', 2, '2018-05-17 10:47:29', '0000-00-00 00:00:00', 0),
(26, '23108533', 'ce28eed1511f631af6b2a7bb0a85d636', 'MEDI, Drs., M.Kom.', 2, '2018-05-17 10:47:29', '0000-00-00 00:00:00', 0),
(27, '23189543', 'ce28eed1511f631af6b2a7bb0a85d636', 'Umar Taufiq, M.Cs', 2, '2018-05-17 10:47:29', '0000-00-00 00:00:00', 0),
(28, '23459855', 'ce28eed1511f631af6b2a7bb0a85d636', 'ANNY KARTIKA SARI, S.Si., M.Sc', 2, '2018-05-17 10:48:29', '0000-00-00 00:00:00', 0),
(29, '23451290', 'ce28eed1511f631af6b2a7bb0a85d636', 'ANIFUDDIN AZIS, S.Si., M.Kom.', 2, '2018-05-17 10:48:29', '0000-00-00 00:00:00', 0),
(30, '34572155', 'ce28eed1511f631af6b2a7bb0a85d636', 'SRI MULYANA, Drs., M.Kom.', 2, '2018-05-17 10:48:29', '0000-00-00 00:00:00', 0),
(31, '28073412', 'ce28eed1511f631af6b2a7bb0a85d636', 'Rian Adam Raja Gede, S.Kom.', 2, '2018-05-17 10:48:29', '0000-00-00 00:00:00', 0),
(32, '76549077', 'ce28eed1511f631af6b2a7bb0a85d636', 'Jayanti Tanri R.,, A.Md.', 2, '2018-05-17 10:48:29', '0000-00-00 00:00:00', 0),
(33, '65789022', 'ce28eed1511f631af6b2a7bb0a85d636', 'Wahyu Kemalajati, S.Kom.', 2, '2018-05-17 10:48:29', '0000-00-00 00:00:00', 0),
(34, '23459976', 'ce28eed1511f631af6b2a7bb0a85d636', 'Dino DJ, S.Kom.', 2, '2018-05-17 10:49:29', '0000-00-00 00:00:00', 0),
(35, '23237654', 'ce28eed1511f631af6b2a7bb0a85d636', 'Abidurrahman Al Faruq, A.Md.', 2, '2018-05-17 10:49:29', '0000-00-00 00:00:00', 0),
(36, '56789543', 'ce28eed1511f631af6b2a7bb0a85d636', 'Rochana Prih Hastuti, S.Kom.', 2, '2018-05-17 10:49:29', '0000-00-00 00:00:00', 0),
(37, '23095588', 'ce28eed1511f631af6b2a7bb0a85d636', 'Muhammdad Rifqi A, M.Sc', 2, '2018-05-17 10:49:29', '0000-00-00 00:00:00', 0),
(38, '23765099', 'ce28eed1511f631af6b2a7bb0a85d636', 'Dina Agustina, S.Pd.', 2, '2018-05-17 10:49:29', '0000-00-00 00:00:00', 0),
(39, '67812398', 'ce28eed1511f631af6b2a7bb0a85d636', 'Kurrotul A''yun, S.Si.', 2, '2018-05-17 10:49:29', '0000-00-00 00:00:00', 0),
(40, '36598622', 'ce28eed1511f631af6b2a7bb0a85d636', 'Muh. Rasfi Hilmi, S.Si.', 2, '2018-05-17 10:49:29', '0000-00-00 00:00:00', 0),
(41, '20976211', 'ce28eed1511f631af6b2a7bb0a85d636', 'Deddy Rahmadi, S.Si.', 2, '2018-05-17 10:49:29', '0000-00-00 00:00:00', 0),
(42, '27893099', 'ce28eed1511f631af6b2a7bb0a85d636', 'FAIZAH, S.Kom., M.Kom.', 2, '2018-05-17 10:49:29', '0000-00-00 00:00:00', 0),
(43, '37890133', 'ce28eed1511f631af6b2a7bb0a85d636', 'ZULAELA, Drs., Dipl.Med.Stats.', 2, '2018-05-17 10:49:29', '0000-00-00 00:00:00', 0);

-- --------------------------------------------------------

--
-- Table structure for table `user_role`
--

CREATE TABLE `user_role` (
  `id_userrole` int(11) NOT NULL,
  `nama_userrole` varchar(30) NOT NULL,
  `createDtm` datetime DEFAULT NULL,
  `updateDtm` timestamp NOT NULL DEFAULT '0000-00-00 00:00:00' ON UPDATE CURRENT_TIMESTAMP,
  `isDeleted` tinyint(4) NOT NULL DEFAULT '0'
) ENGINE=InnoDB DEFAULT CHARSET=latin1;

--
-- Dumping data for table `user_role`
--

INSERT INTO `user_role` (`id_userrole`, `nama_userrole`, `createDtm`, `updateDtm`, `isDeleted`) VALUES
(1, 'akademik', '2018-03-30 11:13:04', '0000-00-00 00:00:00', 0),
(2, 'dosen', '2018-03-30 11:13:04', '0000-00-00 00:00:00', 0);

-- --------------------------------------------------------

--
-- Table structure for table `waktu`
--

CREATE TABLE `waktu` (
  `id_waktu` int(11) NOT NULL,
  `hari` enum('Senin','Selasa','Rabu','Kamis','Jumat','Sabtu','Minggu') NOT NULL,
  `jam` varchar(20) NOT NULL,
  `createDtm` datetime DEFAULT NULL,
  `updateDtm` timestamp NOT NULL DEFAULT '0000-00-00 00:00:00' ON UPDATE CURRENT_TIMESTAMP,
  `isDeleted` tinyint(4) NOT NULL DEFAULT '0'
) ENGINE=InnoDB DEFAULT CHARSET=latin1;

--
-- Dumping data for table `waktu`
--

INSERT INTO `waktu` (`id_waktu`, `hari`, `jam`, `createDtm`, `updateDtm`, `isDeleted`) VALUES
(1, 'Senin', '07:00-08:40', '2018-05-13 23:04:21', '2018-05-13 16:09:22', 0),
(2, 'Senin', '09:00-10:40', '2018-05-13 23:24:21', '0000-00-00 00:00:00', 0),
(3, 'Senin', '12:00-13:40', '2018-05-13 23:36:21', '0000-00-00 00:00:00', 0),
(4, 'Senin', '14:00-15:40', '2018-05-13 23:51:21', '0000-00-00 00:00:00', 0),
(5, 'Selasa', '07:00-08:40', '2018-05-13 23:19:22', '0000-00-00 00:00:00', 0),
(6, 'Selasa', '09:00-10:40', '2018-05-13 23:26:22', '0000-00-00 00:00:00', 0),
(7, 'Selasa', '12:00-13:40', '2018-05-13 23:38:22', '0000-00-00 00:00:00', 0),
(8, 'Selasa', '14:00-15:40', '2018-05-13 23:46:22', '2018-05-13 16:54:22', 0),
(9, 'Rabu', '07:00-08:40', '2018-05-13 23:16:23', '0000-00-00 00:00:00', 0),
(10, 'Rabu', '09:00-10:40', '2018-05-13 23:23:23', '0000-00-00 00:00:00', 0),
(11, 'Rabu', '12:00-13:40', '2018-05-13 23:31:23', '0000-00-00 00:00:00', 0),
(12, 'Rabu', '14:00-15:40', '2018-05-13 23:38:23', '0000-00-00 00:00:00', 0),
(13, 'Kamis', '07:00-08:40', '2018-05-13 23:48:23', '0000-00-00 00:00:00', 0),
(14, 'Kamis', '09:00-10:40', '2018-05-13 23:55:23', '0000-00-00 00:00:00', 0),
(15, 'Kamis', '12:00-13:40', '2018-05-13 23:04:24', '0000-00-00 00:00:00', 0),
(16, 'Kamis', '14:00-15:40', '2018-05-13 23:11:24', '0000-00-00 00:00:00', 0),
(17, 'Jumat', '07:00-08:40', '2018-05-13 23:21:24', '0000-00-00 00:00:00', 0),
(18, 'Jumat', '09:00-10:40', '2018-05-13 23:31:24', '0000-00-00 00:00:00', 0),
(19, 'Jumat', '12:00-13:40', '2018-05-13 23:38:24', '0000-00-00 00:00:00', 0),
(20, 'Jumat', '14:00-15:40', '2018-05-13 23:44:24', '0000-00-00 00:00:00', 0),
(21, 'Senin', '16:00-17:40', '2018-05-17 11:06:42', '0000-00-00 00:00:00', 0);

--
-- Indexes for dumped tables
--

--
-- Indexes for table `admin`
--
ALTER TABLE `admin`
  ADD PRIMARY KEY (`id_admin`),
  ADD UNIQUE KEY `username_admin` (`username_admin`);

--
-- Indexes for table `dosen`
--
ALTER TABLE `dosen`
  ADD PRIMARY KEY (`id_dosen`),
  ADD UNIQUE KEY `nip` (`nip`),
  ADD KEY `id_user` (`id_user`);

--
-- Indexes for table `grup`
--
ALTER TABLE `grup`
  ADD PRIMARY KEY (`id_grup`);

--
-- Indexes for table `jadwal`
--
ALTER TABLE `jadwal`
  ADD PRIMARY KEY (`id_jadwal`),
  ADD KEY `id_ta` (`id_ta`),
  ADD KEY `id_waktu` (`id_waktu`),
  ADD KEY `id_ruang` (`id_ruang`),
  ADD KEY `id_kelas` (`id_kelas`);

--
-- Indexes for table `kelas`
--
ALTER TABLE `kelas`
  ADD PRIMARY KEY (`id_kelas`),
  ADD KEY `id_matkul` (`id_matkul`),
  ADD KEY `id_grup` (`id_grup`);

--
-- Indexes for table `kelas_dosen`
--
ALTER TABLE `kelas_dosen`
  ADD PRIMARY KEY (`id_dosenkelas`),
  ADD KEY `id_kelas` (`id_kelas`),
  ADD KEY `id_dosen` (`id_dosen`);

--
-- Indexes for table `kelas_mahasiswa`
--
ALTER TABLE `kelas_mahasiswa`
  ADD PRIMARY KEY (`id_kelasmahasiswa`),
  ADD KEY `id_kelas` (`id_kelas`),
  ADD KEY `id_mahasiswa` (`id_mahasiswa`);

--
-- Indexes for table `mahasiswa`
--
ALTER TABLE `mahasiswa`
  ADD PRIMARY KEY (`id_mahasiswa`),
  ADD UNIQUE KEY `nim` (`nim`);

--
-- Indexes for table `mata_kuliah`
--
ALTER TABLE `mata_kuliah`
  ADD PRIMARY KEY (`id_mk`),
  ADD UNIQUE KEY `kode_MK` (`kode_MK`);

--
-- Indexes for table `pengganti`
--
ALTER TABLE `pengganti`
  ADD PRIMARY KEY (`id_pengganti`),
  ADD KEY `id_kelas` (`id_kelas`),
  ADD KEY `id_ruang` (`id_ruang`),
  ADD KEY `id_pertemuan` (`id_pertemuan`);

--
-- Indexes for table `pertemuan`
--
ALTER TABLE `pertemuan`
  ADD PRIMARY KEY (`id_pertemuan`),
  ADD KEY `id_kelas` (`id_kelas`);

--
-- Indexes for table `ruang`
--
ALTER TABLE `ruang`
  ADD PRIMARY KEY (`id_ruang`);

--
-- Indexes for table `tahun_ajaran`
--
ALTER TABLE `tahun_ajaran`
  ADD PRIMARY KEY (`id_ta`);

--
-- Indexes for table `user`
--
ALTER TABLE `user`
  ADD PRIMARY KEY (`id_user`),
  ADD UNIQUE KEY `username` (`username`),
  ADD KEY `id_userrole` (`id_userrole`);

--
-- Indexes for table `user_role`
--
ALTER TABLE `user_role`
  ADD PRIMARY KEY (`id_userrole`);

--
-- Indexes for table `waktu`
--
ALTER TABLE `waktu`
  ADD PRIMARY KEY (`id_waktu`);

--
-- AUTO_INCREMENT for dumped tables
--

--
-- AUTO_INCREMENT for table `admin`
--
ALTER TABLE `admin`
  MODIFY `id_admin` int(11) NOT NULL AUTO_INCREMENT, AUTO_INCREMENT=4;
--
-- AUTO_INCREMENT for table `dosen`
--
ALTER TABLE `dosen`
  MODIFY `id_dosen` int(11) NOT NULL AUTO_INCREMENT, AUTO_INCREMENT=43;
--
-- AUTO_INCREMENT for table `grup`
--
ALTER TABLE `grup`
  MODIFY `id_grup` int(11) NOT NULL AUTO_INCREMENT, AUTO_INCREMENT=3;
--
-- AUTO_INCREMENT for table `jadwal`
--
ALTER TABLE `jadwal`
  MODIFY `id_jadwal` int(11) NOT NULL AUTO_INCREMENT, AUTO_INCREMENT=125;
--
-- AUTO_INCREMENT for table `kelas`
--
ALTER TABLE `kelas`
  MODIFY `id_kelas` int(11) NOT NULL AUTO_INCREMENT, AUTO_INCREMENT=200;
--
-- AUTO_INCREMENT for table `kelas_dosen`
--
ALTER TABLE `kelas_dosen`
  MODIFY `id_dosenkelas` int(11) NOT NULL AUTO_INCREMENT, AUTO_INCREMENT=200;
--
-- AUTO_INCREMENT for table `kelas_mahasiswa`
--
ALTER TABLE `kelas_mahasiswa`
  MODIFY `id_kelasmahasiswa` int(11) NOT NULL AUTO_INCREMENT, AUTO_INCREMENT=11;
--
-- AUTO_INCREMENT for table `mahasiswa`
--
ALTER TABLE `mahasiswa`
  MODIFY `id_mahasiswa` int(11) NOT NULL AUTO_INCREMENT, AUTO_INCREMENT=10;
--
-- AUTO_INCREMENT for table `mata_kuliah`
--
ALTER TABLE `mata_kuliah`
  MODIFY `id_mk` int(11) NOT NULL AUTO_INCREMENT, AUTO_INCREMENT=33;
--
-- AUTO_INCREMENT for table `pengganti`
--
ALTER TABLE `pengganti`
  MODIFY `id_pengganti` int(11) NOT NULL AUTO_INCREMENT, AUTO_INCREMENT=7;
--
-- AUTO_INCREMENT for table `pertemuan`
--
ALTER TABLE `pertemuan`
  MODIFY `id_pertemuan` int(11) NOT NULL AUTO_INCREMENT, AUTO_INCREMENT=38;
--
-- AUTO_INCREMENT for table `ruang`
--
ALTER TABLE `ruang`
  MODIFY `id_ruang` int(11) NOT NULL AUTO_INCREMENT, AUTO_INCREMENT=11;
--
-- AUTO_INCREMENT for table `tahun_ajaran`
--
ALTER TABLE `tahun_ajaran`
  MODIFY `id_ta` int(11) NOT NULL AUTO_INCREMENT, AUTO_INCREMENT=6;
--
-- AUTO_INCREMENT for table `user`
--
ALTER TABLE `user`
  MODIFY `id_user` int(11) NOT NULL AUTO_INCREMENT, AUTO_INCREMENT=44;
--
-- AUTO_INCREMENT for table `user_role`
--
ALTER TABLE `user_role`
  MODIFY `id_userrole` int(11) NOT NULL AUTO_INCREMENT, AUTO_INCREMENT=3;
--
-- AUTO_INCREMENT for table `waktu`
--
ALTER TABLE `waktu`
  MODIFY `id_waktu` int(11) NOT NULL AUTO_INCREMENT, AUTO_INCREMENT=22;
--
-- Constraints for dumped tables
--

--
-- Constraints for table `dosen`
--
ALTER TABLE `dosen`
  ADD CONSTRAINT `dosen_ibfk_1` FOREIGN KEY (`id_user`) REFERENCES `user` (`id_user`);

--
-- Constraints for table `jadwal`
--
ALTER TABLE `jadwal`
  ADD CONSTRAINT `jadwal_ibfk_1` FOREIGN KEY (`id_ta`) REFERENCES `tahun_ajaran` (`id_ta`),
  ADD CONSTRAINT `jadwal_ibfk_2` FOREIGN KEY (`id_waktu`) REFERENCES `waktu` (`id_waktu`),
  ADD CONSTRAINT `jadwal_ibfk_3` FOREIGN KEY (`id_ruang`) REFERENCES `ruang` (`id_ruang`),
  ADD CONSTRAINT `jadwal_ibfk_4` FOREIGN KEY (`id_kelas`) REFERENCES `kelas` (`id_kelas`);

--
-- Constraints for table `kelas`
--
ALTER TABLE `kelas`
  ADD CONSTRAINT `kelas_ibfk_1` FOREIGN KEY (`id_matkul`) REFERENCES `mata_kuliah` (`id_mk`),
  ADD CONSTRAINT `kelas_ibfk_2` FOREIGN KEY (`id_grup`) REFERENCES `grup` (`id_grup`);

--
-- Constraints for table `kelas_dosen`
--
ALTER TABLE `kelas_dosen`
  ADD CONSTRAINT `kelas_dosen_ibfk_1` FOREIGN KEY (`id_kelas`) REFERENCES `kelas` (`id_kelas`),
  ADD CONSTRAINT `kelas_dosen_ibfk_2` FOREIGN KEY (`id_dosen`) REFERENCES `dosen` (`id_dosen`);

--
-- Constraints for table `kelas_mahasiswa`
--
ALTER TABLE `kelas_mahasiswa`
  ADD CONSTRAINT `kelas_mahasiswa_ibfk_1` FOREIGN KEY (`id_kelas`) REFERENCES `kelas` (`id_kelas`),
  ADD CONSTRAINT `kelas_mahasiswa_ibfk_2` FOREIGN KEY (`id_mahasiswa`) REFERENCES `mahasiswa` (`id_mahasiswa`);

--
-- Constraints for table `pengganti`
--
ALTER TABLE `pengganti`
  ADD CONSTRAINT `pengganti_ibfk_1` FOREIGN KEY (`id_kelas`) REFERENCES `kelas` (`id_kelas`),
  ADD CONSTRAINT `pengganti_ibfk_2` FOREIGN KEY (`id_ruang`) REFERENCES `ruang` (`id_ruang`),
  ADD CONSTRAINT `pengganti_ibfk_3` FOREIGN KEY (`id_pertemuan`) REFERENCES `pertemuan` (`id_pertemuan`);

--
-- Constraints for table `pertemuan`
--
ALTER TABLE `pertemuan`
  ADD CONSTRAINT `pertemuan_ibfk_3` FOREIGN KEY (`id_kelas`) REFERENCES `kelas` (`id_kelas`);

--
-- Constraints for table `user`
--
ALTER TABLE `user`
  ADD CONSTRAINT `user_ibfk_1` FOREIGN KEY (`id_userrole`) REFERENCES `user_role` (`id_userrole`);

/*!40101 SET CHARACTER_SET_CLIENT=@OLD_CHARACTER_SET_CLIENT */;
/*!40101 SET CHARACTER_SET_RESULTS=@OLD_CHARACTER_SET_RESULTS */;
/*!40101 SET COLLATION_CONNECTION=@OLD_COLLATION_CONNECTION */;
